kind,usingTime,brandName,money,performance,mile,where
轿车,0,奔驰E级新能源,433800,1.95,89,重庆
轿车,0,奔驰A级,199800,1.18,66,西安
轿车,0,奔驰E级新能源,438000,1.17,60,南宁
轿车,2,奔驰A级,152800,1.16,459,嘉兴
轿车,7,奔驰C级(进口),199000,2.04,800,北京
轿车,0,奔驰A级,205799,1.17,86,南京
轿车,3,奔驰C级AMG,638000,1.01,190,北京
轿车,2,奔驰A级,179800,1.13,110,天津
轿车,1,奔驰E级新能源,428800,1.32,218,佛山
轿车,1,奔驰E级新能源,396800,1.42,130,莆田
轿车,0,奔驰E级新能源,449799,1.17,40,三亚
轿车,1,奔驰E级新能源,407800,1.24,110,徐州
轿车,2,奔驰C级(进口),299800,1.72,388,石家庄
轿车,1,奔驰A级,196000,1.36,26,石家庄
轿车,7,奔驰C级(进口),188800,2.51,960,漳州
轿车,0,奔驰E级新能源,443000,1.95,170,西安
轿车,2,奔驰A级,176000,1.91,337,成都
轿车,1,奔驰E级新能源,418000,1.14,115,青岛
轿车,2,奔驰A级,158800,1.9,323,宁波
轿车,1,奔驰E级新能源,426800,1.74,97,嘉兴
轿车,1,奔驰A级,188000,1.67,370,西安
轿车,0,奔驰E级新能源,459000,1.72,1,北京
轿车,3,奔驰A级,168000,2.81,570,西安
轿车,1,宝马M3,898000,1.29,100,深圳
轿车,1,奔驰E级新能源,421800,1.68,133,徐州
轿车,3,奔驰A级,165000,2.33,600,北京
轿车,1,奔驰E级新能源,399000,1.71,100,杭州
轿车,1,宝马M3,939800,1.74,70,北京
轿车,1,宝马M3,1038000,1.75,70,东莞
轿车,2,奔驰A级,175000,1.82,50,泉州
轿车,1,宝马M3,858000,1.51,100,金华
轿车,3,奔驰A级,156900,1.72,240,广州
轿车,2,奔驰A级,195799,1.18,200,北京
轿车,6,奔驰C级(进口),189000,2.69,780,无锡
轿车,2,奔驰A级,178000,1.2,240,成都
轿车,6,宝马M3,493800,1.8,590,成都
轿车,3,奔驰C级(进口),249800,1.15,390,成都
轿车,2,奔驰A级,201800,1.12,229,成都
轿车,2,奔驰C级(进口),295000,1.24,229,成都
轿车,0,奔驰E级新能源,429000,1.53,120,武汉
轿车,1,奔驰A级,195799,1.84,300,昆明
轿车,2,奔驰A级,199800,2.52,500,贵阳
轿车,2,奔驰A级,183800,1.83,400,长沙
轿车,0,奔驰E级新能源,428000,1.58,80,广州
轿车,2,奔驰A级,168800,2.97,620,成都
轿车,1,奔驰A级,196800,1.84,90,成都
轿车,3,奔驰C级(进口),258800,1.83,300,上海
轿车,2,奔驰A级,186800,1.4,330,重庆
轿车,6,奔驰C级(进口),195799,2.67,580,南京
轿车,2,奔驰A级,168000,2.76,520,济南
轿车,3,奔驰A级,188000,1.55,290,杭州
轿车,2,奔驰A级,189000,1.83,180,广州
轿车,6,宝马M3,398000,1.53,400,成都
轿车,0,奔驰A级,215000,1.75,80,昆明
轿车,1,奔驰A级,170000,1.94,70,阜阳
轿车,2,奔驰A级,183000,1.99,210,阜阳
轿车,0,奔驰E级新能源,428000,1.56,44,潍坊
轿车,1,宝马M3,880000,1.37,170,广州
轿车,3,奔驰A级,158000,1.42,370,常州
轿车,1,奔驰A级,185000,1.88,42,青岛
轿车,1,宝马M3,928000,1.85,100,杭州
轿车,3,奔驰C级(进口),275000,1.14,390,温州
轿车,2,奔驰A级,178000,1.05,200,重庆
轿车,1,奔驰A级,203800,1.06,100,丽水
轿车,2,奔驰A级,179800,1.39,400,哈尔滨
轿车,1,奔驰E级新能源,459799,1.06,110,济南
轿车,1,奔驰A级,202800,1.77,120,台州
轿车,2,奔驰A级,193000,1.85,420,泉州
轿车,2,奔驰A级,185000,1.33,370,杭州
轿车,7,奔驰C级(进口),205000,2.83,890,哈尔滨
轿车,2,奔驰A级,189800,1.48,260,福州
轿车,4,奔驰C级(进口),248000,2.42,620,重庆
轿车,1,奔驰A级,193800,1.32,110,佛山
轿车,3,奔驰A级,168000,2.65,580,淮安
轿车,2,奔驰A级,196000,1.41,290,龙岩
轿车,4,奔驰C级(进口),258000,2.01,720,临沂
轿车,1,宝马M3,988800,1.49,1,深圳
轿车,2,奔驰A级,188000,1.18,290,济南
轿车,3,奔驰A级,165799,2.82,620,重庆
轿车,3,奔驰A级,168000,2.04,580,中山
轿车,0,奔驰A级,208000,1.06,69,合肥
轿车,1,奔驰A级,198000,1.17,160,丽水
轿车,1,奔驰A级,179800,1.15,100,青岛
轿车,1,奔驰E级新能源,429000,1.25,170,泉州
轿车,1,奔驰A级,203800,1.82,84,成都
轿车,1,奔驰A级,177000,1.63,180,成都
轿车,1,奔驰E级新能源,438000,1.93,80,东莞
轿车,0,奔驰E级新能源,458000,1.25,1,合肥
轿车,1,宝马M3,839800,1.18,66,无锡
轿车,1,奔驰A级,199800,1.86,200,合肥
轿车,2,奔驰A级,157800,1.91,382,长沙
轿车,3,奔驰A级,181800,1.84,390,郑州
轿车,0,奔驰E级新能源,435800,1.04,100,成都
轿车,2,奔驰A级,156800,1.22,390,成都
轿车,1,奔驰A级,199000,1.3,95,郑州
轿车,3,奔驰A级,177000,1.95,170,上海
轿车,3,奔驰A级,139900,1.31,258,成都
轿车,1,奔驰E级新能源,418000,1.3,117,青岛
轿车,1,奔驰E级新能源,418000,1.54,81,青岛
轿车,0,奔驰A级,205799,1.82,56,青岛
轿车,3,奔驰A级,168000,1.47,459,中山
轿车,3,奔驰A级,146000,1.48,400,深圳
轿车,2,奔驰A级,168000,1.09,240,深圳
轿车,3,奔驰A级,159800,1.73,320,杭州
轿车,1,奔驰E级新能源,459799,1.53,1,沈阳
轿车,1,奔驰A级,165799,1.06,70,上海
轿车,1,奔驰E级新能源,423800,1.83,70,深圳
轿车,2,奔驰A级,168000,1.15,200,南京
轿车,1,奔驰E级新能源,418800,1.58,240,杭州
轿车,1,奔驰E级新能源,428800,1.19,90,杭州
轿车,1,奔驰A级,169800,1.31,290,无锡
轿车,3,奔驰C级AMG,577000,1.48,390,北京
轿车,2,奔驰A级,188800,1.52,200,郑州
轿车,1,宝马M3,898800,1.85,100,武汉
轿车,2,奔驰A级,189800,1.43,400,无锡
轿车,0,奔驰A级,198800,1.07,220,马鞍山
轿车,7,奔驰C级(进口),216000,2.48,720,北京
轿车,0,奔驰E级新能源,442800,1.85,140,苏州
轿车,1,奔驰E级新能源,429799,1.63,110,无锡
轿车,2,奔驰A级,159800,2,640,无锡
轿车,2,奔驰A级,185799,1.54,227,南京
轿车,1,宝马M3,888000,1.99,200,杭州
轿车,3,奔驰A级,175000,1.94,450,深圳
轿车,1,奔驰E级新能源,448000,1.79,80,天津
轿车,2,奔驰C级(进口),329799,1.95,60,济南
轿车,1,奔驰A级,178800,1.19,200,东莞
轿车,1,奔驰A级,191000,1.26,168,无锡
轿车,0,奔驰E级新能源,419000,1.22,243,成都
轿车,0,奔驰E级新能源,438000,1.34,8,北京
轿车,2,奔驰A级,186000,1.8,420,无锡
轿车,2,奔驰A级,189000,1.38,340,沈阳
轿车,1,奔驰E级新能源,386800,1.09,90,厦门
轿车,1,奔驰A级,195000,1.38,140,北京
轿车,2,奔驰A级,169800,1.03,200,成都
轿车,3,奔驰C级AMG,568000,1.39,120,沈阳
轿车,3,奔驰A级,168000,1.93,470,南京
轿车,1,宝马M3,928000,1.48,63,上海
轿车,2,奔驰A级,158800,1.62,190,东莞
轿车,3,奔驰A级,181800,1.49,360,厦门
轿车,8,宝马M3,438000,1.2,700,青岛
轿车,1,奔驰A级,168000,1.58,140,重庆
轿车,2,奔驰C级(进口),298800,1.38,231,南昌
轿车,0,奔驰E级新能源,445800,1.8,260,北京
轿车,3,奔驰A级,170200,1.94,438,合肥
轿车,3,奔驰A级,154800,1.62,105,合肥
轿车,3,奔驰A级,174500,1.36,450,合肥
轿车,2,奔驰A级,181200,1.23,440,合肥
轿车,0,奔驰A级,213800,1.85,60,常州
轿车,1,奔驰A级,193800,1.51,190,武汉
轿车,2,奔驰A级,175000,1.49,336,西安
轿车,2,奔驰A级,168000,1.78,200,长沙
轿车,2,奔驰A级,183200,1.61,247,合肥
轿车,0,奔驰A级,213800,1.49,210,东莞
轿车,0,奔驰E级新能源,449799,1.36,160,南京
轿车,0,奔驰E级新能源,423800,1.56,140,天津
轿车,1,奔驰A级,205000,1.99,108,徐州
轿车,7,奔驰C级(进口),218800,2.83,934,佛山
轿车,3,奔驰A级,178800,1.59,430,长沙
轿车,1,奔驰E级新能源,438000,1.52,120,东莞
轿车,2,奔驰A级,162300,1.37,233,合肥
轿车,1,奔驰E级新能源,438000,1.07,90,东莞
轿车,6,奔驰C级(进口),186200,1.36,390,南宁
轿车,1,奔驰E级新能源,438000,1.99,60,东莞
轿车,1,奔驰A级,208000,1.61,120,台州
轿车,1,奔驰E级新能源,418000,1.18,115,青岛
轿车,2,奔驰C级(进口),275800,1.78,222,杭州
轿车,3,奔驰A级,175000,2.62,543,大连
轿车,3,奔驰A级,154000,1.89,438,西安
轿车,1,奔驰A级,175799,1.2,160,郑州
轿车,1,奔驰A级,179800,1.21,140,南宁
轿车,2,奔驰A级,182800,2.43,540,武汉
轿车,3,奔驰A级,188800,1.27,330,郑州
轿车,1,奔驰A级,205799,1.04,90,长春
轿车,2,奔驰A级,165799,1.34,210,成都
轿车,2,奔驰A级,175000,1.43,190,徐州
轿车,1,奔驰A级,195100,1.82,110,三明
轿车,0,奔驰A级,178000,1.44,5,西安
轿车,2,奔驰A级,183800,1.26,80,南京
轿车,2,奔驰A级,186000,1.92,339,合肥
轿车,2,奔驰A级,178000,1.91,180,南宁
轿车,1,奔驰E级新能源,419000,1.22,86,合肥
轿车,0,奔驰A级,203900,1.43,101,合肥
轿车,1,奔驰A级,209000,1.56,53,合肥
轿车,1,奔驰A级,205000,1.18,112,合肥
轿车,0,奔驰A级,208000,1.14,52,合肥
轿车,3,奔驰A级,199800,1.48,300,贵阳
轿车,2,奔驰C级(进口),288000,1.84,20,厦门
轿车,4,奔驰C级(进口),248800,1.32,440,上海
轿车,0,奔驰E级新能源,446000,1.97,40,西安
轿车,3,奔驰A级,169800,2.6,610,杭州
轿车,3,奔驰A级,163800,2.31,660,南昌
轿车,3,奔驰A级,147800,1.92,200,东莞
轿车,1,奔驰E级新能源,449799,1.03,1,沈阳
轿车,0,奔驰E级新能源,439799,1.05,45,扬州
轿车,6,宝马M3,395800,1.48,700,苏州
轿车,1,奔驰E级新能源,453800,1.17,1,沈阳
轿车,8,宝马M3,368000,1.15,1000,无锡
轿车,0,奔驰E级新能源,435800,1.94,43,杭州
轿车,2,奔驰A级,188000,1.14,289,泰州
轿车,1,奔驰E级新能源,451800,1.37,78,廊坊
轿车,3,奔驰A级,165000,1.06,370,保定
轿车,2,奔驰C级(进口),279800,1.61,300,佛山
轿车,2,奔驰A级,179800,1.81,267,丹东
轿车,1,奔驰A级,173000,1.23,300,宁波
轿车,3,奔驰C级AMG,538000,1.53,430,厦门
轿车,1,奔驰A级,175799,2.42,580,惠州
轿车,1,奔驰A级,179800,1.65,280,常州
轿车,5,奔驰C级(进口),235000,2.88,600,淄博
轿车,1,奔驰A级,198000,1.98,330,泉州
轿车,1,奔驰A级,173800,1.39,160,嘉兴
轿车,1,奔驰E级新能源,458000,1.67,60,苏州
轿车,3,奔驰A级,161800,2.56,660,重庆
轿车,3,奔驰A级,169800,1.85,300,漳州
轿车,1,奔驰A级,188000,1.73,100,宁波
轿车,2,奔驰A级,191800,1.72,330,东莞
轿车,0,奔驰A级,212000,1.98,90,长沙
轿车,7,奔驰C级(进口),238800,2.53,700,长沙
轿车,0,奔驰A级,195799,1.35,77,重庆
轿车,2,奔驰C级(进口),306800,1.29,210,重庆
轿车,1,奔驰A级,206800,1.09,118,信阳
轿车,2,奔驰A级,188000,1.83,370,青岛
轿车,7,奔驰C级(进口),198000,2.94,850,成都
轿车,1,奔驰A级,189899,1.71,169,西安
轿车,2,奔驰A级,188000,1.98,170,常州
轿车,2,奔驰A级,178000,1.71,73,泰州
轿车,3,奔驰A级,168000,2.57,500,漳州
轿车,0,奔驰A级,205799,1.27,26,邯郸
轿车,2,奔驰A级,172800,1.56,229,平顶山
轿车,3,奔驰A级,185799,2.54,520,深圳
轿车,1,宝马M3,968000,1.16,60,广州
轿车,1,奔驰A级,199800,1.49,293,南京
轿车,1,奔驰A级,195799,1.84,180,泉州
轿车,1,奔驰A级,188000,1.03,229,中山
轿车,1,宝马M3,1100000,1.76,100,宁波
轿车,1,奔驰A级,209500,1.87,150,海口
轿车,2,奔驰C级(进口),315800,1.23,46,南京
轿车,2,奔驰C级(进口),279000,1.81,160,武汉
轿车,2,奔驰A级,169800,1.03,180,长沙
轿车,2,奔驰A级,188000,1.5,400,郑州
轿车,2,奔驰A级,168800,1.66,390,广州
轿车,2,奔驰A级,169800,1.42,250,宁波
轿车,1,奔驰A级,189800,1.23,100,东莞
轿车,3,奔驰C级(进口),268000,1.35,120,泉州
轿车,3,奔驰A级,165799,1.37,400,宁波
轿车,1,奔驰A级,179800,1.06,190,武汉
轿车,6,宝马M3,600000,1.17,220,厦门
轿车,2,奔驰A级,179800,2.35,600,西安
轿车,2,奔驰C级(进口),308000,1.15,66,太原
轿车,3,奔驰A级,154800,2.01,509,南宁
轿车,2,奔驰C级(进口),318000,1.72,60,青岛
轿车,3,奔驰A级,188000,1,300,东莞
轿车,4,奔驰C级(进口),236800,1.18,360,北京
轿车,3,奔驰C级AMG,509799,1.61,416,南京
轿车,2,奔驰A级,193000,1.25,110,沈阳
轿车,3,奔驰A级,188000,1.61,300,北京
轿车,7,奔驰C级(进口),208800,2.66,950,衢州
轿车,3,奔驰C级(进口),278000,1.72,450,苏州
轿车,1,奔驰A级,189000,1.48,196,昆明
轿车,1,奔驰A级,188000,2.92,590,昆明
轿车,0,奔驰A级,189800,1.38,60,广州
轿车,1,奔驰A级,179899,1.42,191,合肥
轿车,3,奔驰A级,168000,1.15,450,沈阳
轿车,4,奔驰C级(进口),276800,2.09,1000,深圳
轿车,1,奔驰A级,169800,1.1,434,南京
轿车,1,奔驰E级新能源,455800,1.1,124,南京
轿车,2,奔驰A级,177700,1.7,310,海口
轿车,0,奔驰E级新能源,438000,1.4,20,沈阳
轿车,0,奔驰A级,209000,1.18,46,南京
轿车,1,奔驰A级,172000,1.29,80,潍坊
轿车,0,奔驰E级新能源,455800,1.39,56,南京
轿车,3,奔驰A级,169800,1.17,450,广州
轿车,0,奔驰E级新能源,449799,1.73,38,南京
轿车,7,奔驰C级(进口),195799,2.76,700,南京
轿车,6,宝马M3,532000,1.91,800,郑州
轿车,2,奔驰A级,179000,1.42,72,沈阳
轿车,2,奔驰A级,188000,1.61,450,宜昌
轿车,3,奔驰C级(进口),248000,1.37,280,济南
轿车,1,奔驰A级,193800,1.74,130,东莞
轿车,2,奔驰A级,179800,1.51,400,东莞
轿车,0,奔驰E级新能源,445800,1.96,42,南京
轿车,2,奔驰C级(进口),276800,1.35,420,佛山
轿车,5,奔驰C级(进口),225000,2.04,861,北京
轿车,2,奔驰A级,179000,1.34,358,郑州
轿车,1,奔驰A级,199800,1.92,80,南京
轿车,1,奔驰A级,186800,1.52,140,广州
轿车,0,奔驰A级,195799,1.71,220,南京
轿车,2,奔驰A级,169000,2.04,540,重庆
轿车,0,奔驰E级新能源,445800,1.34,53,南京
轿车,0,奔驰E级新能源,449799,1.36,9,南京
轿车,3,奔驰A级,189800,2.63,570,东莞
轿车,2,奔驰A级,205799,1.6,290,西安
轿车,0,奔驰E级新能源,459799,1.46,42,郑州
轿车,2,奔驰A级,181800,1.08,240,重庆
轿车,2,奔驰A级,205000,1.67,40,漳州
轿车,2,奔驰C级(进口),289800,1.78,200,武汉
轿车,3,奔驰A级,189800,2.87,500,南京
轿车,3,奔驰A级,183000,1.58,190,南宁
轿车,2,奔驰A级,188800,1.33,400,无锡
轿车,7,奔驰C级(进口),205799,2.4,800,成都
轿车,2,奔驰C级(进口),268000,1.81,315,东莞
轿车,2,奔驰C级(进口),268800,1.59,366,重庆
轿车,2,奔驰A级,166800,1.64,220,东莞
轿车,2,奔驰C级(进口),258800,2.09,500,南通
轿车,2,奔驰A级,159800,2.36,919,合肥
轿车,3,奔驰C级(进口),271800,1.47,320,成都
轿车,3,奔驰A级,155800,1.56,459,嘉兴
轿车,3,奔驰A级,176000,2.62,530,福州
轿车,1,奔驰E级新能源,409799,1.59,80,大连
轿车,5,奔驰C级(进口),235000,1.69,270,沈阳
轿车,1,宝马M3,888000,1.7,60,昆明
轿车,3,奔驰A级,165000,2.09,600,北京
轿车,2,奔驰A级,179800,1.75,300,苏州
轿车,0,奔驰A级,173800,1.94,234,惠州
轿车,2,奔驰A级,186800,1.66,440,南京
轿车,1,奔驰E级新能源,426800,1.08,97,嘉兴
轿车,3,奔驰A级,176800,1.5,340,嘉兴
轿车,1,奔驰A级,198800,1.6,150,青岛
轿车,1,奔驰A级,196800,1.72,200,泉州
轿车,2,奔驰C级(进口),271800,1.63,350,贵阳
轿车,0,奔驰E级新能源,429799,1.36,70,杭州
轿车,1,奔驰E级新能源,426000,1.75,140,临沂
轿车,3,奔驰A级,168000,1.07,300,无锡
轿车,1,奔驰A级,188800,1.83,160,苏州
轿车,3,奔驰A级,176800,1.49,459,东莞
轿车,2,奔驰A级,158800,1.52,323,宁波
轿车,0,奔驰A级,218000,1.67,9,台州
轿车,2,奔驰A级,183000,1.5,400,烟台
轿车,3,奔驰A级,186800,1.63,375,宜昌
轿车,3,奔驰A级,159800,1.54,400,成都
轿车,1,奔驰A级,209800,1.31,200,丽水
轿车,2,奔驰A级,152800,1.55,459,嘉兴
轿车,0,奔驰A级,199800,1.74,66,西安
轿车,1,奔驰E级新能源,379799,1.9,356,杭州
轿车,2,奔驰A级,186200,2.55,500,苏州
轿车,2,奔驰A级,192000,1.38,80,合肥
轿车,1,奔驰E级新能源,398000,1.34,100,杭州
轿车,3,奔驰A级,158800,1.25,450,贵阳
轿车,1,奔驰A级,179899,1.54,46,保定
轿车,3,奔驰A级,168800,1.15,459,宁波
轿车,3,奔驰A级,158000,1.99,438,武汉
轿车,0,奔驰E级新能源,439799,1.42,40,青岛
轿车,0,奔驰A级,212800,1.14,129,杭州
轿车,2,奔驰A级,175000,1,300,泉州
轿车,1,奔驰A级,164800,1.99,173,杭州
轿车,0,奔驰E级新能源,455000,1.97,10,西安
轿车,7,奔驰C级(进口),233000,1.44,370,唐山
轿车,1,奔驰E级新能源,408000,1.53,110,郑州
轿车,1,奔驰E级新能源,419799,1.93,90,东莞
轿车,1,奔驰A级,178000,1.06,360,哈尔滨
轿车,2,奔驰A级,179500,1.4,200,苏州
轿车,1,奔驰A级,211800,1.52,110,长沙
轿车,2,奔驰A级,195799,1.23,200,宁波
轿车,2,奔驰A级,166800,1.65,390,成都
轿车,3,奔驰A级,158700,2.17,700,石家庄
轿车,1,奔驰A级,195799,1.07,150,襄阳
轿车,1,奔驰A级,168000,1.23,300,成都
轿车,1,奔驰A级,199800,1,31,咸阳
轿车,0,奔驰E级新能源,408000,1.61,90,沈阳
轿车,2,奔驰A级,213900,1.48,259,济宁
轿车,2,奔驰A级,169800,1.8,300,宁波
轿车,3,奔驰A级,168000,2.75,500,佛山
轿车,2,奔驰A级,175799,1.29,268,沈阳
轿车,2,奔驰A级,177000,2.07,550,南昌
轿车,3,奔驰A级,176800,2.31,800,昆明
轿车,2,奔驰A级,179800,2.03,670,绵阳
轿车,2,奔驰A级,160000,2.39,700,长沙
轿车,7,奔驰C级(进口),199800,2.92,858,上海
轿车,2,奔驰A级,195799,1.1,270,长沙
轿车,2,奔驰A级,205000,1.04,140,唐山
轿车,2,奔驰A级,198800,1.89,180,贵阳
轿车,7,奔驰C级(进口),208800,2.36,740,南宁
轿车,2,奔驰A级,208000,1.86,160,唐山
轿车,7,奔驰C级(进口),239800,2.84,700,唐山
轿车,8,宝马M3,403000,1.52,960,昆明
轿车,2,奔驰C级(进口),288800,1.63,130,石家庄
轿车,1,宝马M3,1028000,1.65,80,深圳
轿车,1,奔驰E级新能源,429000,1.09,24,杭州
轿车,2,奔驰A级,174000,1.15,140,杭州
轿车,3,奔驰C级(进口),269800,1.17,200,深圳
轿车,0,奔驰A级,209800,1.79,20,徐州
轿车,3,奔驰A级,155800,2.34,600,潍坊
轿车,5,奔驰C级(进口),219800,2.28,880,南京
轿车,1,奔驰A级,182000,1.22,110,哈尔滨
轿车,6,奔驰C级(进口),196000,2.64,800,济南
轿车,2,奔驰A级,167500,2.1,509,西安
轿车,3,奔驰A级,142800,1.4,300,宁波
轿车,2,奔驰A级,168000,1.99,200,宜昌
轿车,1,奔驰A级,199800,1.51,190,南京
轿车,0,奔驰A级,208000,1.23,3,成都
轿车,3,奔驰A级,161800,1.43,350,达州
轿车,8,宝马M3,450000,1.04,700,深圳
轿车,1,奔驰A级,204800,1.4,88,成都
轿车,2,奔驰A级,179000,1.1,210,张家口
轿车,7,奔驰C级(进口),229800,2.06,600,大连
轿车,1,奔驰A级,196000,1.15,90,潍坊
轿车,3,奔驰A级,151900,2.48,553,西安
MUV,2,威尔法,829800,1.55,450,深圳
MUV,3,奥德赛,236800,1.61,340,东莞
MUV,0,别克GL8,345000,1.04,5,临沂
MUV,4,别克GL8,261800,1.57,1000,合肥
MUV,1,别克GL8,299800,1.17,289,宁波
MUV,4,奔驰V级,469799,1.88,170,北京
MUV,14,迈特威,139800,2.94,827,北京
MUV,2,别克GL8,216800,1.97,740,北京
MUV,2,埃尔法,968000,2.21,500,深圳
MUV,7,埃尔法,798000,2.3,1100,深圳
MUV,1,埃尔法,1098000,1.03,100,深圳
MUV,2,雷克萨斯LM,1868000,1.13,60,深圳
MUV,4,埃尔法,898000,2.41,800,深圳
MUV,7,埃尔法,828000,2.61,1100,深圳
MUV,1,埃尔法,1168000,1.94,100,深圳
MUV,2,雷克萨斯LM,1598000,1.35,400,深圳
MUV,7,埃尔法,758000,2.26,700,深圳
MUV,7,奥德赛,153800,1.07,919,北京
MUV,3,艾力绅,199800,1.75,300,衢州
MUV,11,别克GL8,65800,2.01,1300,衢州
MUV,4,威霆,225799,1.05,600,衢州
MUV,1,别克GL8,318000,1.72,270,杭州
MUV,4,埃尔法,958000,1.07,430,郑州
MUV,1,别克GL8,209800,1.1,350,郑州
MUV,5,别克GL8,278800,1.91,420,北京
MUV,2,埃尔法,1080000,1.84,130,杭州
MUV,2,菱智,59800,1.63,150,上海
MUV,6,宝骏730,35800,1.2,400,上海
MUV,2,菱智,41800,2.22,690,上海
MUV,7,埃尔法,688000,2.59,1200,杭州
MUV,2,别克GL8,368000,1.42,200,杭州
MUV,7,SIENNA,289800,1.86,780,武汉
MUV,10,普瑞维亚,188000,2.79,1500,青岛
MUV,8,别克GL8,69800,1.96,110,武汉
MUV,6,长安欧尚A600,28800,1.42,400,上海
MUV,1,威霆,488000,1.81,1,合肥
MUV,2,奔驰V级,526000,1.19,154,合肥
MUV,4,别克GL6,67500,2.51,700,上海
MUV,0,奥德赛,309000,1.2,17,合肥
MUV,1,传祺M8,218000,1.29,252,合肥
MUV,1,威尔法,968000,1.34,98,合肥
MUV,4,奔驰V级,498000,1.61,319,合肥
MUV,2,威霆,289000,1.98,500,苏州
MUV,0,艾力绅,283000,1.66,274,合肥
MUV,0,别克GL8,423000,1.51,118,合肥
MUV,1,别克GL8,229000,1.19,360,无锡
MUV,3,奥德赛,245799,1.28,200,西安
MUV,1,传祺M8,170799,1.73,480,西安
MUV,1,别克GL8,316800,1.78,370,合肥
MUV,7,SIENNA,400000,1.38,80,重庆
MUV,0,奥德赛,283000,1.78,200,合肥
MUV,0,别克GL8,419799,1.2,70,合肥
MUV,6,艾力绅,212800,1.97,590,合肥
MUV,5,别克GL8,238000,1.74,700,无锡
MUV,3,普瑞维亚,298000,1.43,1100,合肥
MUV,0,别克GL8,439799,1.71,53,西安
MUV,2,埃尔法,998000,1.22,440,上海
MUV,4,传祺M8,145800,1.49,500,武汉
MUV,3,迈特威,472800,1.22,509,济南
MUV,2,雷克萨斯LM,1598000,1.78,26,三明
MUV,2,威然,243000,1.42,240,唐山
MUV,4,奥德赛,193800,1.49,400,昆明
MUV,7,奥德赛,129800,1.94,950,广州
MUV,2,传祺M8,209899,1.66,300,广州
MUV,5,奥德赛,163800,1.6,1200,北京
MUV,4,别克GL8,283000,1.3,200,郑州
MUV,2,奔驰V级,499799,1.29,170,济南
MUV,1,埃尔法,1172800,1.94,1,济南
MUV,1,传祺M8,228000,1.72,250,济南
MUV,0,别克GL8,422800,1.77,170,济南
MUV,2,别克GL8,398000,1.27,310,郑州
MUV,1,SIENNA,398000,1.32,110,苏州
MUV,3,艾力绅,279800,1.33,290,苏州
MUV,2,雷克萨斯LM,1598000,1.46,250,沈阳
MUV,3,威尔法,815000,2.86,600,济南
MUV,4,别克GL8,275000,1.16,900,长沙
MUV,7,埃尔法,738000,2.37,600,济南
MUV,2,奔驰V级,554000,1.38,34,西安
MUV,4,别克GL8,238800,1.29,501,上海
MUV,1,威霆,348000,1.42,13,徐州
MUV,10,埃尔法,375000,1.89,1300,北京
MUV,10,迈特威,179000,1.14,960,北京
MUV,1,赛那SIENNA,387000,1.1,229,郑州
MUV,1,别克GL8,228000,1.45,330,重庆
MUV,6,艾力绅,196800,1.24,400,长沙
MUV,6,奔驰V级,284800,1.51,1000,天津
MUV,1,别克GL8,279900,1.57,390,石家庄
MUV,5,别克GL8,137800,1.86,960,成都
MUV,10,迈特威,168800,2.65,1600,成都
MUV,1,传祺M8,172800,1.57,320,成都
MUV,7,途安,64800,2.63,700,成都
MUV,1,奥德赛,282000,1.38,200,石家庄
MUV,7,埃尔法,847000,1.78,225,郑州
MUV,11,奔驰R级,168800,2.64,1200,重庆
MUV,2,雷克萨斯LM,1838000,1.48,50,北京
MUV,6,Sprinter,418000,1.59,490,北京
MUV,5,Sprinter,458000,1.66,340,北京
MUV,1,威霆,458000,1.88,1,北京
MUV,11,福特E350,238000,2.14,610,北京
MUV,1,奔驰V级,548000,1.3,40,北京
MUV,1,威霆,498000,1.16,70,北京
MUV,1,别克GL8,346800,1.22,90,北京
MUV,0,艾力绅,275000,1.34,110,嘉兴
MUV,1,威霆,488000,1.45,1,厦门
MUV,1,威霆,498000,1.06,1,厦门
MUV,3,艾力绅,271800,1.09,130,长沙
MUV,1,别克GL8,448000,1.01,80,石家庄
MUV,3,SIENNA,339000,1.77,760,合肥
MUV,1,威霆,438000,1.47,1,合肥
MUV,6,艾力绅,185000,1.44,770,西安
MUV,2,别克GL8,308000,1.65,250,合肥
MUV,7,SIENNA,360000,1.48,300,北京
MUV,6,艾力绅,189800,1.9,690,石家庄
MUV,4,途安,95000,2.51,830,北京
MUV,4,威霆,369799,1.79,900,贵阳
MUV,5,奔驰V级,299800,1.93,880,上海
MUV,7,SIENNA,298000,1.76,270,广州
MUV,2,传祺M8,226800,1.33,100,成都
MUV,5,别克GL8,216800,1.24,40,金华
MUV,4,威霆,243000,1.77,610,广州
MUV,3,别克GL6,95800,1.74,424,重庆
MUV,2,途睿欧,211800,1.64,4,成都
MUV,0,别克GL8,398000,1.22,1,上海
MUV,2,雷克萨斯LM,1668000,1.81,110,上海
MUV,7,埃尔法,769800,2.37,590,上海
MUV,1,别克GL8,248000,1.92,108,石家庄
MUV,4,途睿欧,210000,1.49,340,北京
MUV,7,Sprinter,488000,1.14,310,北京
MUV,5,凯路威,335000,1.66,459,北京
MUV,5,奥德赛,168000,1.96,881,泉州
MUV,0,奥德赛,298000,1.66,1,上海
MUV,11,埃尔法,246800,2.43,1200,广州
MUV,1,传祺M8,213800,1.54,321,广州
MUV,1,奥德赛,209800,1.67,120,广州
MUV,1,别克GL8,438000,1.96,200,哈尔滨
MUV,1,传祺M8,228000,1.77,1,合肥
MUV,3,埃尔法,938000,2.77,580,上海
MUV,2,别克GL8,206000,1.47,500,泉州
MUV,4,日产NV200,75800,2.39,620,石家庄
MUV,4,日产NV200,86800,2.11,831,佛山
MUV,7,奥德赛,149000,1.99,1200,青岛
MUV,5,埃尔法,738000,2.81,980,东莞
MUV,1,埃尔法,988000,1.98,1,广州
MUV,1,赛那SIENNA,426800,1.57,1,合肥
MUV,3,艾力绅,273900,1.11,240,郑州
MUV,11,途安,47600,2.2,1000,昆明
MUV,2,雷克萨斯LM,1780000,1.27,409,上海
MUV,4,别克GL8,178000,1.95,690,长沙
MUV,4,SIENNA,318000,1.89,420,上海
MUV,11,埃尔法,268800,2.97,2500,佛山
MUV,10,埃尔法,296800,1.24,1200,厦门
MUV,14,麦柯斯,26500,1.32,260,无锡
MUV,4,埃尔法,899000,2.02,680,武汉
MUV,6,夏朗,95800,1.02,160,苏州
MUV,4,奔驰V级,478000,1.66,409,成都
MUV,4,埃尔法,836000,2.71,700,青岛
MUV,1,传祺M8,191800,1.88,330,廊坊
MUV,6,艾力绅,179800,1.01,800,昆明
MUV,6,艾力绅,179800,1,800,合肥
MUV,0,别克GL8,368000,1.44,1,合肥
MUV,1,别克GL8,188000,1.48,600,福州
MUV,4,威霆,338000,1.23,440,廊坊
MUV,1,别克GL8,219800,1.99,4,西安
MUV,1,传祺M8,239800,1.29,51,西安
MUV,1,别克GL8,315000,1.61,280,无锡
MUV,0,别克GL8,409799,1.53,200,上海
MUV,3,奥德赛,218800,1.64,700,长沙
MUV,1,奔驰V级,548000,1.73,90,东莞
MUV,8,SAVANA,488000,1.9,30,成都
MUV,5,奔驰V级,388000,1.82,1000,昆明
MUV,4,传祺M8,145000,1.01,590,常州
MUV,13,奥德赛,66800,4.86,1800,丽水
MUV,7,奥德赛,143000,1.19,1100,丽水
MUV,3,宋MAX,68800,2.36,500,东莞
MUV,1,威尔法,878000,1.52,200,长沙
MUV,3,传祺M6,100900,1.96,370,广州
MUV,3,传祺M6,99800,1.06,389,惠州
MUV,4,奔驰V级,396000,1.36,600,沈阳
MUV,8,夏朗,102899,1.4,1100,广州
MUV,2,奔驰V级,489799,1.49,300,济南
MUV,6,途安,79800,2.91,931,广州
MUV,2,SIENNA,418000,1.69,540,沈阳
MUV,9,途安,49900,2.5,836,郑州
MUV,3,传祺M6,99900,1.04,470,广州
MUV,4,别克GL8,159800,1.61,1000,潍坊
MUV,2,埃尔法,997000,2.58,500,广州
MUV,3,艾力绅,228800,1.12,90,武汉
MUV,5,别克GL8,209800,1.02,500,武汉
MUV,4,别克GL8,208800,1.76,220,上海
MUV,4,奔驰V级,482800,1.96,380,济南
MUV,7,贵士,252800,1.28,670,济南
MUV,4,奔驰V级,582800,1.34,270,济南
MUV,1,威尔法,1000000,1.13,1,上海
MUV,1,赛那SIENNA,438000,1.06,130,武汉
MUV,2,别克GL8,379799,1.38,590,成都
MUV,4,奥德赛,189800,1.08,500,南宁
MUV,4,传祺M8,149800,1.24,380,合肥
MUV,1,埃尔法,1179000,1.19,100,临沂
MUV,10,普瑞维亚,139800,1.56,1200,南宁
MUV,2,威尔法,945000,1.67,210,上海
MUV,3,艾力绅,235600,1.29,775,北京
MUV,4,埃尔法,998000,2.23,500,成都
MUV,1,赛那SIENNA,422800,1.69,90,常州
MUV,5,奔驰V级,398000,1.58,10,潍坊
MUV,10,埃尔法,358000,2.3,3500,南京
MUV,4,奔驰V级,498000,1.02,182,成都
MUV,0,别克GL8,346800,1.75,61,合肥
MUV,1,别克GL8,305000,1.7,100,临沂
MUV,4,埃尔法,928800,1.53,287,北京
MUV,5,别克GL8,149800,1.36,900,无锡
MUV,4,奔驰V级,548000,1.27,235,成都
MUV,9,瑞风M5,49000,2.93,500,济南
MUV,14,奥德赛,39800,4.81,1600,南昌
MUV,1,别克GL8,368000,1.25,76,上海
MUV,5,奔驰V级,349799,1.21,800,无锡
MUV,2,威尔法,918000,1.51,140,上海
MUV,3,威尔法,818000,1.33,480,成都
MUV,1,威尔法,908000,1.48,200,石家庄
MUV,4,奥德赛,203800,1.33,459,昆明
MUV,8,奥德赛,88000,2.33,900,佛山
MUV,2,埃尔法,998000,1.41,440,长沙
MUV,5,奔驰V级,425000,1.38,409,成都
MUV,7,SIENNA,358000,1.08,930,北京
MUV,3,传祺M8,162800,1.03,800,长沙
MUV,2,雷克萨斯LM,1699800,1.3,160,重庆
MUV,1,赛那SIENNA,415800,1.09,1,广州
MUV,1,埃尔法,1020000,1.52,1,广州
MUV,4,别克GL8,289800,1.62,540,南京
MUV,9,贵士,186800,1.1,110,广州
MUV,0,别克GL8,338000,1.51,84,青岛
MUV,6,艾力绅,188000,1.46,760,佛山
MUV,0,别克GL8,365000,1.13,1,合肥
MUV,2,埃尔法,988000,1.04,300,成都
MUV,7,威霆,179800,1.03,900,北京
MUV,2,威尔法,948000,1.27,180,济南
MUV,1,奔驰V级,732800,1.32,100,济南
MUV,5,宋MAX,55800,2.01,550,成都
MUV,5,别克GL8,209800,1.57,796,南宁
MUV,6,艾力绅,228000,1.66,390,成都
MUV,5,奔驰V级,365000,1.97,400,武汉
MUV,2,威尔法,908000,1.03,380,佛山
MUV,13,奥德赛,69800,2.37,981,南宁
MUV,3,宋MAX,66800,2.41,550,东莞
MUV,9,威霆,125000,1.06,1200,济南
MUV,0,别克GL8,255799,1.07,19,沈阳
MUV,1,别克GL8,298000,1.69,240,北京
MUV,7,埃尔法,670000,2.2,1000,济南
MUV,5,奔驰V级,368000,1.59,810,北京
MUV,2,别克GL8,323800,1.42,308,成都
MUV,5,奔驰R级,258000,1.18,831,沈阳
MUV,5,别克GL8,249800,1.28,950,郑州
MUV,5,奔驰V级,335000,1.42,400,长沙
MUV,6,艾力绅,238000,1.33,610,哈尔滨
MUV,0,别克GL8,388000,1.64,1,徐州
MUV,3,威尔法,750000,2.44,660,武汉
MUV,4,埃尔法,888000,2.38,680,郑州
MUV,11,奔驰R级,178000,1.65,390,北京
MUV,1,别克GL8,216000,1.02,229,长沙
MUV,6,威霆,246000,1.79,550,西安
MUV,8,埃尔法,418000,1.7,990,北京
MUV,4,奔驰V级,398000,1,710,海口
MUV,1,威霆,535000,1.22,1,苏州
MUV,4,埃尔法,885000,2.38,900,青岛
MUV,0,别克GL8,356000,1.88,1,西安
MUV,6,艾力绅,208000,1.87,500,嘉兴
MUV,5,奥德赛,198000,1.59,700,海口
MUV,4,长安欧尚A600EV,48800,1.91,380,杭州
MUV,1,埃尔法,1075000,1.34,170,郑州
MUV,1,威霆,398000,1.18,315,成都
MUV,4,威霆,268000,1.84,750,北京
MUV,4,奥德赛,209800,1.82,500,临沂
MUV,2,五菱凯捷,82800,1.22,350,贵阳
MUV,6,艾力绅,199800,1.18,600,中山
MUV,4,别克GL8,198800,1.43,550,兰州
MUV,3,威尔法,860000,1.72,200,哈尔滨
MUV,11,奔驰R级,135000,1.91,280,北京
MUV,4,奥德赛,203000,1.9,900,临沂
MUV,7,奥德赛,135000,1.25,630,青岛
MUV,8,奔驰R级,258800,1.05,869,无锡
MUV,3,奥德赛,229800,1.92,380,东莞
MUV,4,别克GL8,286800,1.08,292,佛山
MUV,5,途睿欧,119800,1.62,860,沈阳
MUV,7,SIENNA,306800,1.58,250,海口
MUV,3,别克GL6,86000,2.14,600,中山
MUV,9,别克GL8,86000,2.14,1400,中山
MUV,5,别克GL8,209800,1.47,1400,南京
MUV,4,别克GL8,185000,1.15,560,长沙
MUV,4,别克GL8,263800,1.74,660,贵阳
MUV,9,威霆,198000,1.97,800,北京
MUV,6,比亚迪e6,54000,4.19,1500,北京
MUV,6,途安,108000,1.21,450,上海
MUV,8,宝骏730,28800,2.35,860,东莞
MUV,4,别克GL8,248000,1.43,900,北京
MUV,7,埃尔法,688000,2.16,831,海口
MUV,1,传祺M8,183000,1.57,300,济南
MUV,9,威霆,218000,1.66,700,北京
MUV,7,奥德赛,148000,1.03,1300,佛山
MUV,1,别克GL8,368000,1.37,300,重庆
MUV,10,埃尔法,298000,1.76,1200,北京
MUV,8,别克GL8,91800,1.83,60,中山
MUV,7,贵士,255000,1.08,890,北京
MUV,10,SAVANA,255000,1.97,400,北京
MUV,8,别克GL8,108000,1.12,40,南京
MUV,12,唯雅诺,98800,2.64,900,泉州
MUV,8,别克GL8,103800,1.69,819,中山
MUV,1,别克GL8,209800,1.65,850,重庆
MUV,6,威霆,225799,1.65,850,重庆
MUV,4,埃尔法,959000,2.85,919,沈阳
MUV,2,传祺M8,136800,1.12,700,重庆
MUV,9,威霆,175000,1.95,300,嘉兴
MUV,5,别克GL8,148000,1.98,831,杭州
MUV,4,SIENNA,485000,1.98,500,哈尔滨
MUV,4,奔驰V级,399799,1.11,498,上海
MUV,4,别克GL8,168000,1.35,590,杭州
MUV,5,别克GL8,235000,1.61,680,合肥
MUV,5,奔驰V级,398000,1.05,389,郑州
MUV,4,埃尔法,826000,1.35,300,石家庄
MUV,3,别克GL6,105800,1.14,90,合肥
MUV,1,传祺M8,209800,1.59,110,西安
MUV,1,传祺M8,288800,1.08,155,佛山
MUV,6,北汽幻速H3,23800,2.2,509,温州
MUV,1,传祺M6,99900,2.25,900,南京
MUV,2,奔驰V级,558000,1.55,370,武汉
MUV,2,威尔法,848000,2.56,540,郑州
MUV,9,别克GL8,66000,2.7,881,济南
MUV,0,长安欧尚科尚,128000,1.33,1,北京
MUV,6,Sprinter,458000,1.36,360,武汉
MUV,3,宋MAX新能源,103800,1.75,500,杭州
MUV,1,别克GL8,315800,1.75,84,海口
MUV,1,别克GL8,228800,1.34,509,西安
MUV,2,五菱凯捷,88000,1.41,300,嘉兴
MUV,8,奥德赛,99900,2.63,900,广州
MUV,0,别克GL8,439000,1.67,10,郑州
MUV,3,长安欧尚A600EV,63800,1.51,200,杭州
MUV,14,别克GL8,32000,2.35,690,北京
MUV,6,艾力绅,189000,1.82,990,厦门
MUV,2,威尔法,888000,1.67,480,成都
MUV,2,威尔法,915000,1.62,229,郑州
MUV,3,长安欧尚A600EV,63800,2.86,600,杭州
MUV,9,SAVANA,299900,1.91,100,广州
MUV,6,威霆,212800,1.11,1100,重庆
MUV,4,奔驰V级,389799,1.9,400,上海
MUV,4,别克GL6,72800,2.55,931,重庆
MUV,1,传祺M6,98000,1.45,300,中山
MUV,1,别克GL8,317000,1.62,290,济南
MUV,7,Sprinter,365000,1.05,570,北京
MUV,2,威尔法,925000,1.16,300,杭州
MUV,1,威尔法,838000,2.56,500,哈尔滨
MUV,7,埃尔法,838000,2.66,800,长沙
MUV,4,别克GL8,270000,1.87,450,北京
MUV,14,森雅,9900,2.69,600,广州
MUV,4,别克GL8,189800,1.01,480,潍坊
MUV,4,别克GL8,179800,1.96,480,无锡
MUV,5,别克GL8,229800,1.31,1000,绍兴
MUV,5,别克GL8,188000,1.42,900,济南
MUV,1,传祺M8,215799,1.58,50,济南
MUV,13,Sprinter,298000,2.46,700,青岛
MUV,4,威霆,265800,1.73,200,温州
MUV,3,别克GL6,73800,2.6,700,广州
MUV,1,赛那SIENNA,383900,1.65,1,潍坊
MUV,1,赛那SIENNA,386800,1.88,1,潍坊
MUV,7,贵士,268000,1.87,900,石家庄
MUV,8,别克GL8,87800,4.23,2300,广州
MUV,1,埃尔法,1060000,1.23,281,济南
MUV,4,传祺M8,149800,1.8,229,佛山
MUV,4,别克GL8,178800,1.39,707,重庆
MUV,7,埃尔法,738000,1.08,190,北京
MUV,7,埃尔法,687000,2.29,900,济南
MUV,7,别克GL8,125800,1.14,860,北京
MUV,3,嘉际,83800,2.54,500,台州
MUV,0,艾力绅,296800,1.18,1,潍坊
MUV,4,奔驰V级,378000,1.56,890,杭州
MUV,4,夏朗,163000,1.83,360,石家庄
MUV,0,别克GL8,308800,1.33,50,石家庄
MUV,0,别克GL8,245000,1.14,1,石家庄
MUV,2,别克GL8,268000,1.63,680,杭州
MUV,4,威霆,249800,1.33,600,温州
跑车,0,保时捷718,628000,1.62,40,沈阳
跑车,6,保时捷911,1099000,1.57,459,苏州
跑车,4,保时捷718,518800,1.64,210,东莞
跑车,2,保时捷911,1388000,1.71,148,苏州
跑车,7,奥迪TT,228800,1.6,790,东莞
跑车,10,奥迪R8,497000,1.41,715,郑州
跑车,4,保时捷718,598000,1.04,210,苏州
跑车,1,捷豹F-TYPE,523000,1.4,26,上海
跑车,6,宝马M2,388000,1.17,310,连云港
跑车,3,保时捷911,1718000,1.77,69,嘉兴
跑车,3,保时捷718,628000,1.52,260,广州
跑车,2,保时捷718,599000,1.37,160,苏州
跑车,2,保时捷718,839000,1.17,220,苏州
跑车,2,保时捷718,639000,1.27,140,苏州
跑车,0,保时捷911,1688000,1.07,150,广州
跑车,5,科迈罗,198000,1.39,850,上海
跑车,3,保时捷718,658000,1.58,120,嘉兴
跑车,4,保时捷718,418000,1.79,710,杭州
跑车,3,法拉利F8,4988000,1.62,1,天津
跑车,4,保时捷718,558800,1.73,220,成都
跑车,18,奔驰SLK级,98800,2.86,869,佛山
跑车,2,保时捷911,1723400,1.25,1,成都
跑车,4,保时捷718,588000,1.07,140,苏州
跑车,4,保时捷718,499000,1.28,509,苏州
跑车,4,保时捷718,508800,1.94,340,合肥
跑车,1,捷豹F-TYPE,518800,1.32,270,合肥
跑车,6,保时捷718,415800,1.54,620,南京
跑车,2,保时捷911,1328800,1.65,290,合肥
跑车,2,Mustang,298000,1.41,80,沈阳
跑车,2,保时捷718,568000,1.22,969,杭州
跑车,4,保时捷718,599000,1.47,120,苏州
跑车,0,保时捷911,1709000,1.24,84,苏州
跑车,4,保时捷718,838000,1.44,68,合肥
跑车,10,欧陆,958000,1.87,450,上海
跑车,7,Boxster,398000,1.82,450,南京
跑车,2,保时捷718,786000,1.92,250,广州
跑车,9,Cayman,318000,1.34,720,广州
跑车,1,捷豹F-TYPE,598000,1.13,38,成都
跑车,2,保时捷911,1360000,1.61,200,杭州
跑车,6,欧陆,1880000,1.9,70,北京
跑车,4,欧陆,3060000,1.07,160,北京
跑车,4,保时捷718,458000,1.52,370,南京
跑车,4,Mustang,228000,1.62,380,泉州
跑车,4,保时捷718,548000,1.25,80,上海
跑车,4,宝马M2,365800,1.65,550,合肥
跑车,10,保时捷911,688000,1.21,600,杭州
跑车,4,保时捷718,468800,1.76,420,成都
跑车,11,保时捷911,529000,1.92,770,东莞
跑车,8,保时捷911,1249000,1.79,265,东莞
跑车,4,Mustang,478000,1.73,140,成都
跑车,4,保时捷718,555000,1.93,200,宁波
跑车,3,保时捷718,598000,1.9,260,宁波
跑车,4,保时捷718,488000,1.99,430,宁波
跑车,2,保时捷911,1398000,1,220,合肥
跑车,3,保时捷718,648000,1.78,70,台州
跑车,4,魅影,6180000,1.83,17,深圳
跑车,6,保时捷911,1028000,1.43,112,杭州
跑车,4,保时捷718,588000,1.13,240,杭州
跑车,4,保时捷718,588000,1.07,221,杭州
跑车,4,保时捷718,559000,1.61,380,苏州
跑车,2,保时捷718,649000,1.44,56,苏州
跑车,2,保时捷718,784300,1.77,55,苏州
跑车,7,Boxster,420000,1.96,180,上海
跑车,2,保时捷911,1458000,1.54,100,深圳
跑车,2,保时捷911,1638000,1.04,40,深圳
跑车,4,保时捷718,588000,1.54,200,深圳
跑车,2,保时捷911,1428000,1.09,90,深圳
跑车,2,保时捷911,1458000,1.7,100,深圳
跑车,6,保时捷718,398000,1.04,440,合肥
跑车,2,保时捷718,596000,1.55,250,合肥
跑车,2,Roma,2928000,1.68,10,杭州
跑车,2,保时捷718,638000,1.21,459,深圳
跑车,0,斯巴鲁BRZ,325000,1.19,9,上海
跑车,4,宝马M2,509799,1.93,140,北京
跑车,4,Mustang,188800,1.21,610,东莞
跑车,4,保时捷718,508000,1.53,170,杭州
跑车,6,保时捷718,510000,1.34,400,北京
跑车,2,保时捷911,1400000,1.46,80,北京
跑车,3,宝马Z4,435800,1.84,35,北京
跑车,7,保时捷911,1930000,1.89,160,上海
跑车,4,魅影,5580000,1.09,50,北京
跑车,5,欧陆,1728000,1.63,360,杭州
跑车,2,Huracán,3760000,1.94,15,北京
跑车,4,欧陆,2870000,1.34,260,杭州
跑车,4,保时捷911,4380000,1.92,27,杭州
跑车,4,欧陆,3150000,1.25,120,杭州
跑车,4,保时捷718,618000,1.08,160,台州
跑车,6,捷豹F-TYPE,358000,1.64,400,青岛
跑车,2,保时捷911,1298000,1.25,160,上海
跑车,4,保时捷718,490000,1.42,270,合肥
跑车,4,保时捷911,1760000,1.53,280,杭州
跑车,9,魅影,3390000,1.32,440,北京
跑车,7,法拉利488,2758000,1.93,180,北京
跑车,1,保时捷718,826000,1.26,66,合肥
跑车,2,法拉利F8,4790000,1.35,19,北京
跑车,9,Cayman,340000,1.47,819,北京
跑车,3,阿斯顿??马丁DB11,1795000,1.65,210,杭州
跑车,2,保时捷911,2538000,1.65,50,杭州
跑车,5,保时捷911,1298000,1.65,392,成都
跑车,2,保时捷911,1428000,1.74,210,成都
跑车,8,保时捷911,1600000,1.85,60,北京
跑车,10,保时捷911,778000,1.18,420,上海
跑车,4,保时捷718,578000,1.45,350,台州
跑车,2,保时捷718,618000,1.34,57,台州
跑车,2,欧陆,3590000,1.24,90,北京
跑车,11,奔驰SLK级,149800,2.65,700,青岛
跑车,12,奥迪R8,808800,1.86,400,北京
跑车,3,保时捷718,688000,1.1,200,北京
跑车,2,保时捷718,688000,1.45,60,北京
跑车,10,欧陆,1398000,1.5,170,北京
跑车,10,欧陆,1180000,1.24,400,北京
跑车,8,宝马i8,828000,1.76,500,北京
跑车,2,保时捷911,1430000,1.76,80,北京
跑车,3,保时捷911,1510000,1.83,90,北京
跑车,2,保时捷911,1558000,1.89,90,上海
跑车,2,保时捷911,1439000,1.78,95,上海
跑车,3,保时捷911,1538000,1.1,50,上海
跑车,2,保时捷911,1523000,1.19,90,上海
跑车,6,Huracán,2218000,1.26,250,上海
跑车,3,保时捷911,1498000,1.54,100,上海
跑车,5,Aventador,5688000,1.99,130,杭州
跑车,11,Aventador,3200000,1.05,134,东莞
跑车,2,Roma,2750000,1,130,东莞
跑车,8,迈凯伦650S,1980000,1.23,110,东莞
跑车,3,宝马Z4,517000,1.97,150,无锡
跑车,8,欧陆,1358000,1.68,470,苏州
跑车,4,保时捷718,528000,1.16,357,合肥
跑车,2,保时捷718,598000,1.83,260,武汉
跑车,2,保时捷718,588000,1.73,340,武汉
跑车,4,保时捷718,437800,1.39,700,常州
跑车,3,英菲尼迪Q60,255000,1.23,200,无锡
跑车,4,保时捷718,528000,1.46,229,合肥
跑车,3,保时捷718,655000,1.62,280,北京
跑车,6,保时捷718,430000,1.18,700,宁波
跑车,9,Cayman,289800,1.56,1100,宁波
跑车,0,保时捷718,668000,1.14,21,中山
跑车,5,奥迪TT,275000,1.27,345,合肥
跑车,10,法拉利FF,2099800,1.49,130,重庆
跑车,6,保时捷911,938000,1.24,200,沈阳
跑车,2,保时捷718,618000,1.54,220,上海
跑车,3,保时捷718,578000,1.82,200,上海
跑车,6,Huracán,2397700,1.62,200,上海
跑车,2,保时捷911,1400000,1.56,134,上海
跑车,3,宝马Z4,418000,1.75,91,西安
跑车,7,法拉利488,2977700,1.81,50,上海
跑车,9,奥迪TT,148000,1.11,819,昆明
跑车,2,保时捷718,609800,1.63,140,常州
跑车,3,Mustang,286800,1.65,200,东莞
跑车,4,保时捷718,528000,1.11,330,武汉
跑车,4,宝马M2,568000,1.48,300,台州
跑车,9,保时捷911,1280000,1.67,340,东莞
跑车,6,奥迪R8,1558000,1.6,320,东莞
跑车,4,保时捷718,518000,1.18,740,东莞
跑车,12,欧陆,788000,2.12,620,东莞
跑车,2,保时捷718,578000,1.54,100,沈阳
跑车,9,保时捷911,638000,1.2,390,苏州
跑车,2,Huracán,3277700,1.62,70,上海
跑车,0,宝马Z4,438000,1.42,68,重庆
跑车,8,宝马i8,837800,1.75,330,常州
跑车,8,宝马i8,918000,1.64,300,武汉
跑车,9,奥迪TT,155500,1.62,1000,佛山
跑车,5,科迈罗,245799,1.37,220,苏州
跑车,4,保时捷718,568000,1.89,300,无锡
跑车,4,保时捷718,518000,1.69,300,北京
跑车,7,奥迪TT,285000,1.53,280,合肥
跑车,4,宝马M2,486000,1.87,310,石家庄
跑车,2,保时捷718,598000,1.99,300,苏州
跑车,7,Mustang,197800,1.4,400,常州
跑车,5,阿斯顿??马丁DB11,1688000,1.42,360,广州
跑车,0,宝马Z4,458000,1.92,6,杭州
跑车,0,保时捷718,618800,1.76,30,长沙
跑车,4,宝马M2,418000,1.78,296,广州
跑车,10,欧陆,1418000,1.92,310,北京
跑车,6,保时捷911,928000,1.26,310,北京
跑车,2,保时捷718,618000,1.16,229,北京
跑车,6,保时捷911,928000,1.61,320,北京
跑车,2,保时捷718,598000,1.9,60,北京
跑车,11,奥迪TT,148000,1.76,210,上海
跑车,9,宝马Z4,198900,1.84,409,上海
跑车,2,保时捷911,1398000,1.53,260,成都
跑车,4,保时捷718,558000,1.9,227,成都
跑车,11,Gallardo,990000,1.15,470,北京
跑车,6,宝马M2,323000,1.46,881,广州
跑车,6,保时捷911,888000,1.92,290,广州
跑车,6,保时捷911,1048000,1.35,290,广州
跑车,6,保时捷911,828000,1.61,459,成都
跑车,4,保时捷718,429799,1.09,315,成都
跑车,0,保时捷911,1480000,1.7,100,杭州
跑车,13,Cayman,218000,2.96,880,佛山
跑车,6,保时捷911,858000,1.04,300,郑州
跑车,0,保时捷718,699000,1.38,47,石家庄
跑车,4,保时捷718,518000,1.35,500,东莞
跑车,3,保时捷911,1458000,1.76,260,郑州
跑车,0,保时捷911,1568000,1.74,200,东莞
跑车,6,欧陆,1630000,1.35,415,合肥
跑车,4,宝马M2,388800,1.79,560,广州
跑车,6,保时捷718,438900,1.06,530,上海
跑车,9,宝马Z4,270000,1.48,210,石家庄
跑车,6,保时捷718,456000,1.19,450,成都
跑车,4,保时捷718,548000,1.18,280,广州
跑车,3,阿斯顿??马丁DB11,1868000,1.11,100,郑州
跑车,0,保时捷718,628000,1.79,70,贵阳
跑车,9,魅影,3698000,1.31,80,上海
跑车,3,英菲尼迪Q60,249800,1.81,330,成都
跑车,3,宝马Z4,399799,1.23,124,广州
跑车,6,奔驰SLC,326800,1.03,163,广州
跑车,2,保时捷718,628000,1.97,84,广州
跑车,2,保时捷911,1328000,1.63,94,上海
跑车,4,马自达MX-5,388000,1.72,67,上海
跑车,6,保时捷718,448000,1.1,470,上海
跑车,9,Cayman,295000,1.25,580,上海
跑车,3,宝马Z4,498000,1.2,260,苏州
跑车,3,捷豹F-TYPE,435000,1.52,50,苏州
跑车,4,保时捷718,495800,1.59,564,东莞
跑车,5,欧陆,1680000,1.57,400,无锡
跑车,0,斯巴鲁BRZ,318000,1.21,30,合肥
跑车,13,宝马Z4,166800,2.94,760,广州
跑车,11,阿斯顿??马丁DB9,698000,1.57,400,苏州
跑车,11,尚酷,78600,1.87,450,昆明
跑车,3,Mustang,259800,1.46,360,西安
跑车,4,保时捷718,529800,1.22,150,成都
跑车,0,宝马Z4,439799,1.45,190,昆明
跑车,3,保时捷718,638800,1.19,200,济南
跑车,9,Cayman,315000,1.1,440,南京
跑车,2,保时捷718,666800,1.44,70,苏州
跑车,11,法拉利458,1759800,1.21,210,重庆
跑车,9,Boxster,429799,1.56,380,重庆
跑车,6,保时捷911,839800,1.08,370,东莞
跑车,4,宝马M2,559800,1.01,110,北京
跑车,3,宝马i8,1228000,1.78,200,上海
跑车,4,保时捷911,4999800,1.52,15,重庆
跑车,6,Huracán,2298000,1.95,266,武汉
跑车,10,Gallardo,1138000,1.58,290,长沙
跑车,5,Mustang,298000,1.06,701,广州
跑车,7,Mustang,178800,1.14,440,石家庄
跑车,7,Mustang,199800,1.91,550,丽水
跑车,4,保时捷718,529800,1.02,390,重庆
跑车,2,保时捷718,599000,1.51,330,武汉
跑车,4,保时捷718,518000,1.9,450,上海
跑车,3,迈凯伦720S,3099800,1.3,120,重庆
跑车,4,保时捷718,482000,1.59,350,上海
跑车,8,丰田86,138800,1.08,30,重庆
跑车,3,宝马Z4,388000,1.58,150,长沙
跑车,6,保时捷911,1098000,1.98,130,长沙
跑车,6,保时捷911,1199800,1.53,8,重庆
跑车,10,欧陆,999800,1.77,430,重庆
跑车,10,欧陆,1298000,1.32,580,重庆
跑车,2,保时捷718,648000,1.77,260,沈阳
跑车,4,保时捷718,569800,1.8,330,重庆
跑车,10,欧陆,1199800,1.86,420,重庆
跑车,6,保时捷718,488000,1.48,400,厦门
跑车,13,劳恩斯-酷派,45000,2.56,600,温州
跑车,6,保时捷911,1038000,1.44,310,上海
跑车,0,阿斯顿??马丁DB11,2380000,1.94,1,上海
跑车,2,保时捷911,1658000,1.43,70,杭州
跑车,9,尚酷,66800,1.06,1100,宁波
跑车,0,保时捷718,798000,1.92,38,中山
跑车,15,奥迪R8,458000,1.6,600,成都
跑车,6,雷克萨斯RC,288000,1.68,300,上海
跑车,2,Huracán,3180000,1.25,1,上海
跑车,12,科尔维特,799800,1.12,225,重庆
跑车,3,Mustang,232000,1.65,50,临沂
跑车,3,宝马Z4,388800,1.11,350,东莞
跑车,2,保时捷911,1450000,1.2,76,上海
跑车,4,保时捷718,448000,1.96,397,成都
跑车,6,宝马M2,338000,1.82,610,杭州
跑车,2,保时捷911,1388000,1.14,80,杭州
跑车,10,Cayman,273800,1.81,240,北京
跑车,9,GranTurismo,395000,1.75,200,广州
跑车,11,Boxster,218000,2.67,700,厦门
跑车,2,斯巴鲁BRZ,248000,1.33,280,海口
跑车,4,曜影,5170000,1.22,288,西安
跑车,6,宝马M2,378000,1.74,800,广州
跑车,2,保时捷911,1498000,1.11,50,长沙
跑车,5,保时捷911,1086000,1.68,350,成都
跑车,8,欧陆,1598000,1.43,77,成都
跑车,4,保时捷718,546000,1.17,180,成都
跑车,2,Roma,2879800,1.02,12,重庆
跑车,2,保时捷718,628000,1.25,70,长沙
跑车,2,保时捷911,1398000,1.21,120,长沙
跑车,11,奔驰SLK级,215000,1.8,380,成都
跑车,7,Cayman,310000,1.92,750,成都
跑车,7,奥迪TT,230000,1.92,570,东莞
跑车,4,宝马M2,498000,1.52,390,厦门
跑车,3,保时捷911,1498000,1.13,100,佛山
跑车,7,Mustang,196000,1.6,900,昆明
跑车,1,Huracán,4799800,1.32,6,重庆
跑车,5,Huracán,3580000,1,160,东莞
跑车,4,魅影,5280000,1.83,90,东莞
跑车,14,奥迪TT,133800,2.74,1000,昆明
跑车,6,保时捷718,460000,1.36,330,北京
跑车,11,奔驰SLK级,162000,2.34,780,南京
跑车,4,曜影,6077700,1.07,170,上海
跑车,2,保时捷718,588000,1.21,170,上海
跑车,3,法拉利F8,3989800,1.17,48,重庆
跑车,6,宝马M2,388000,1.89,220,昆明
跑车,2,保时捷718,640000,1.5,330,上海
跑车,4,保时捷718,478000,1.52,300,成都
跑车,6,保时捷911,848000,1.23,390,台州
跑车,6,保时捷718,468000,1.52,500,苏州
跑车,10,欧陆,1160000,1.52,360,济南
跑车,0,保时捷718,738000,1.91,20,常州
跑车,4,保时捷718,575000,1.32,200,杭州
跑车,4,魅影,4998000,1.75,220,杭州
跑车,2,保时捷718,558000,1.31,180,常州
跑车,10,欧陆,1188800,1.24,610,南昌
跑车,9,魅影,3390000,1.8,442,北京
跑车,7,法拉利488,2348800,1.55,360,重庆
跑车,11,奔驰SLS级AMG,1280000,2.27,515,北京
跑车,6,Huracán,2470000,1.97,157,北京
跑车,4,魅影,5680000,1.28,88,北京
跑车,9,F12berlinetta,2650000,1.63,160,北京
跑车,4,保时捷911,2790000,1.4,80,北京
跑车,9,魅影,3180000,1.09,1100,北京
跑车,6,保时捷911,1178000,1.26,125,厦门
跑车,4,Mustang,328000,1.45,1,济南
跑车,6,保时捷911,1138000,1.4,300,广州
跑车,3,Mustang,285000,1.92,104,石家庄
跑车,8,奥迪R8,858000,1.12,400,武汉
跑车,8,奥迪R8,768000,1.77,490,武汉
跑车,6,保时捷911,945000,1.53,370,济南
跑车,9,迈凯伦12C,1498000,1.09,147,北京
跑车,11,尚酷,73800,2.98,700,金华
跑车,2,保时捷718,677000,1.67,33,北京
跑车,0,保时捷911,2980000,1.92,12,北京
跑车,10,保时捷911,608000,1.92,600,南京
跑车,5,欧陆,1750000,1.26,250,广州
跑车,0,欧陆,3750000,1.5,60,广州
跑车,2,Huracán,2880000,1.14,150,广州
跑车,11,尚酷,95800,2.33,900,无锡
跑车,6,保时捷718,458000,1.31,200,成都
跑车,4,保时捷718,588000,1.98,260,成都
跑车,4,魅影,4160000,1.21,509,长沙
跑车,9,Vanquish,1598000,1.22,127,杭州
跑车,9,捷豹F-TYPE,348000,1.74,800,成都
跑车,3,Mustang,239800,1.99,400,上海
跑车,5,Mustang,208000,1.01,470,成都
跑车,9,GranTurismo,595000,1.12,298,北京
跑车,4,保时捷718,468000,1.25,220,广州
跑车,2,Huracán,2950000,1.38,252,北京
跑车,12,保时捷911,688000,2.18,890,成都
跑车,2,保时捷911,1338000,1.54,170,台州
跑车,8,保时捷911,1060000,1.96,358,杭州
跑车,2,保时捷911,1688000,1.38,70,杭州
跑车,11,尚酷,79800,2.61,931,重庆
跑车,2,保时捷911,1468000,1.59,180,北京
跑车,8,欧陆,1588000,1.27,540,成都
跑车,2,Mustang,288800,1.88,250,广州
跑车,4,保时捷911,4250000,1.2,90,杭州
跑车,10,宝马Z4,178800,1,830,石家庄
跑车,15,GranTurismo,598000,1.07,209,北京
跑车,4,曜影,5450000,1.54,80,杭州
跑车,4,魅影,5498000,1.05,160,杭州
跑车,17,法拉利F430,638000,2.98,500,重庆
跑车,0,保时捷911,1598000,1.91,30,杭州
跑车,11,Boxster,209800,2.11,580,郑州
跑车,2,保时捷911,1385000,1.46,130,武汉
跑车,3,Mustang,258000,1.82,330,广州
跑车,4,保时捷718,598000,1.7,290,成都
跑车,11,宝马Z4,125000,2.53,1000,泉州
跑车,2,Mustang,276000,1.62,160,苏州
跑车,1,Mustang,312000,1.14,100,苏州
跑车,15,奥迪R8,468000,1.82,700,成都
跑车,2,宝马Z4,393800,1.42,150,佛山
跑车,4,保时捷718,519000,1.26,180,昆明
跑车,3,法拉利F8,3538000,1.74,80,杭州
跑车,7,尚酷,128800,1.32,800,广州
跑车,10,保时捷911,768000,1.26,580,上海
跑车,5,Mustang,199800,1.68,560,济宁
跑车,4,Mustang,225799,1.93,670,厦门
跑车,2,Huracán,3380000,1.05,18,杭州
跑车,13,法拉利F430,498000,1.17,560,临沂
跑车,4,欧陆,3180000,1.7,95,杭州
跑车,0,丰田86,375000,1.3,1,成都
跑车,0,欧陆,3250000,1.98,2,广州
跑车,10,欧陆,1180000,1.84,700,北京
跑车,4,保时捷718,488000,1.74,800,成都
跑车,9,Boxster,338000,1.2,900,成都
跑车,11,尚酷,72800,2.72,1300,成都
跑车,7,Mustang,188800,1.32,229,淄博
跑车,3,法拉利F8,3750000,1.71,16,杭州
跑车,11,奔驰SLK级,181800,2.35,890,成都
跑车,2,保时捷911,2550000,1.39,154,杭州
跑车,13,法拉利F430,3680000,1.64,78,杭州
跑车,2,保时捷911,1380000,1.35,93,杭州
跑车,4,Mustang,240000,1.96,430,石家庄
跑车,6,保时捷911,998800,1,280,厦门
跑车,4,保时捷718,478000,1.6,400,苏州
跑车,9,保时捷911,598000,1.68,700,厦门
跑车,4,保时捷911,2280000,1.98,300,厦门
跑车,11,Aventador,4390000,1.24,100,北京
跑车,3,法拉利F8,3990000,1.49,6,北京
跑车,3,保时捷911,1780000,1.72,90,北京
跑车,5,欧陆,1830000,1.31,241,杭州
跑车,6,保时捷718,528000,1.41,300,北京
跑车,6,Mustang,230000,1.56,300,北京
跑车,15,GranTurismo,590000,1.55,600,北京
跑车,2,Roma,2888000,1.37,20,成都
跑车,5,法拉利812,4860000,1.56,90,成都
跑车,9,魅影,2980000,1.35,200,佛山
跑车,6,保时捷718,448000,1.17,600,青岛
跑车,4,保时捷718,488000,1.18,200,成都
皮卡,1,炮,120000,1.36,150,邯郸
皮卡,3,福特F-150,468000,1.29,160,扬州
皮卡,3,炮,89800,1.98,300,温州
皮卡,4,坦途,419000,1.02,834,西安
皮卡,4,坦途,288000,2.06,500,北京
皮卡,0,角斗士,548800,1.5,30,合肥
皮卡,5,纳瓦拉,135800,1.78,280,廊坊
皮卡,3,福特F-150,598000,1.9,740,廊坊
皮卡,1,福特F-150,478000,1.18,1,广州
皮卡,8,坦途,420000,1.75,570,成都
皮卡,2,福特F-150,445000,1.61,300,哈尔滨
皮卡,11,坦途,149000,3.31,1100,天津
皮卡,3,风骏7,67000,1.89,220,阜阳
皮卡,6,坦途,399799,1.89,850,成都
皮卡,5,坦途,650000,1.23,470,济南
皮卡,5,坦途,518000,1.82,3,济南
皮卡,6,福特F-150,278000,1.55,409,石家庄
皮卡,8,坦途,349000,1.25,800,石家庄
皮卡,3,福特F-150,378500,1.63,470,合肥
皮卡,3,拓陆者,79800,1.45,200,成都
皮卡,1,吉利远程FX,99900,1.48,1,成都
皮卡,0,角斗士,538800,1.94,70,杭州
皮卡,2,风骏7,66800,1.74,400,嘉兴
皮卡,1,炮,249000,1.39,80,济南
皮卡,11,坦途,178800,1.29,390,深圳
皮卡,0,福特F-150,858000,1.33,10,临沂
皮卡,6,福特F-150,319800,1.89,600,广州
皮卡,0,福特F-150,590000,1.53,1,重庆
皮卡,5,坦途,398000,1.89,350,唐山
皮卡,5,坦途,388000,1.61,500,唐山
皮卡,11,日产D22,49000,3.69,1000,北京
皮卡,5,风骏6,65000,1.65,190,北京
皮卡,0,坦途,650000,1.37,1,重庆
皮卡,5,坦途,499799,1.01,815,青岛
皮卡,0,福特F-150,790000,1.24,3,沈阳
皮卡,3,福特F-150,599000,1.78,400,保定
皮卡,3,福特F-150,388800,1.86,200,重庆
皮卡,7,黄海N2,43800,3.89,1100,南宁
皮卡,3,福特F-150,428000,1.45,300,深圳
皮卡,1,炮,100000,1.9,190,邯郸
皮卡,5,福特F-150,299700,2.87,800,沈阳
皮卡,4,福特F-150,538000,1.19,490,郑州
皮卡,3,炮,80800,2.88,500,岳阳
皮卡,5,纳瓦拉,99000,1.75,400,北京
皮卡,3,福特F-150,568000,1.93,600,青岛
皮卡,3,福特F-150,620000,1.81,448,西安
皮卡,4,福特F-150,514000,1.95,721,西安
皮卡,3,炮,108000,1.52,380,唐山
皮卡,8,福特F-150,425000,1.49,500,重庆
皮卡,5,黄海N3,69000,1.92,356,郑州
皮卡,5,福特F-150,398000,1.99,290,上海
皮卡,11,福特F-150,188000,1.73,330,成都
皮卡,8,坦途,235799,3.66,869,成都
皮卡,4,福特F-150,570000,1.38,409,北京
皮卡,0,金刚炮,89900,1.71,6,郑州
皮卡,5,福特F-150,578000,1.86,570,长春
皮卡,4,域虎5,89800,2.02,710,贵阳
皮卡,8,坦途,278000,3.51,869,上海
皮卡,3,福特F-150,418000,1.22,300,上海
皮卡,3,风骏7,92000,1.25,170,百色
皮卡,4,福特F-150,538000,1.91,700,沈阳
皮卡,3,福特F-150,858000,1.19,1,上海
皮卡,3,福特F-150,1180000,1.09,1,上海
皮卡,3,福特F-150,1180000,1.3,1,上海
皮卡,3,炮,119000,1.22,370,北京
皮卡,11,福特F-150,208000,1.53,229,北京
皮卡,3,福特F-150,459000,1.4,200,唐山
皮卡,4,域虎5,92800,2.3,700,贵阳
皮卡,1,风骏5,76800,1.3,150,上饶
皮卡,2,江淮T8,93800,1.2,409,百色
皮卡,4,福特F-150,575000,1.6,500,宁波
皮卡,8,坦途,308900,1.57,630,上海
皮卡,5,福特F-150,306800,1.62,640,东莞
皮卡,3,福特F-150,628000,1.17,270,昆明
皮卡,8,坦途,268000,3.05,1100,石家庄
皮卡,8,坦途,680000,1.58,347,北京
皮卡,4,骐铃T7,46800,2.58,500,南昌
皮卡,5,福特F-150,348000,1.62,465,唐山
皮卡,3,炮,88800,1.8,270,武汉
皮卡,9,日产D22,45800,3.81,720,潍坊
皮卡,3,炮,103000,2.36,690,石家庄
皮卡,4,福特F-150,568000,1.47,498,太原
皮卡,5,纳瓦拉,103800,1.48,390,潍坊
皮卡,5,福特F-150,1180000,2.74,700,厦门
皮卡,10,域虎7,52800,3.03,700,西双版纳
皮卡,1,炮,209800,1.07,1,西安
皮卡,7,宝典,50000,4.77,1500,南昌
皮卡,4,福特F-150,568000,1.23,576,武汉
皮卡,6,风骏5,51800,3.35,1000,青岛
皮卡,5,风骏6,62000,1.83,200,石家庄
皮卡,11,福特F-150,158000,1.64,40,成都
皮卡,11,坦途,198000,3.08,670,成都
皮卡,11,坦途,178800,1.07,170,成都
皮卡,7,拓陆者,34800,1.47,470,成都
皮卡,7,威虎,28000,1.09,380,襄阳
皮卡,3,福特F-150,381100,1.59,320,沈阳
皮卡,8,福特F-150,248000,3.73,800,沈阳
皮卡,5,风骏5,69000,1.35,270,重庆
皮卡,2,坦途,438000,1.26,320,哈尔滨
皮卡,8,坦途,316800,1.81,850,珠海
皮卡,8,福特F-150,288000,3.49,500,石家庄
皮卡,6,瑞迈,49800,3.48,600,东莞
皮卡,8,福特F-150,245000,3.93,700,呼和浩特
皮卡,8,福特F-150,265800,3.2,700,西安
皮卡,4,坦途,399000,1.41,459,泰安
皮卡,8,福特F-150,299000,3.22,1100,乌鲁木齐
皮卡,5,福特F-150,488000,1.82,749,青岛
皮卡,6,坦途,378000,1.74,260,上海
皮卡,3,福特F-150,768000,1.71,330,厦门
皮卡,3,福特F-150,538000,1.38,740,济南
皮卡,9,宝典,15800,4.46,3500,南昌
皮卡,2,炮,98600,1.64,200,成都
皮卡,8,坦途,288000,1.16,490,东莞
皮卡,1,吉利远程FX,86800,1.53,1,贵阳
皮卡,11,福特F-150,148000,4.14,2300,昆明
皮卡,8,坦途,293000,3.6,850,成都
皮卡,1,风骏5,78800,1.62,100,南京
皮卡,3,福特F-150,418000,1.56,700,成都
皮卡,11,福特F-150,165000,4.29,1600,潍坊
皮卡,1,炮,96800,1.94,160,漳州
皮卡,1,炮,118800,1.89,80,温州
皮卡,9,日产ZN厢式车,63800,1.69,300,潍坊
皮卡,2,坦途,498000,1.16,1,广州
皮卡,5,福特F-150,508000,1.47,869,长沙
皮卡,3,福特F-150,468000,1.2,140,昆明
皮卡,0,坦途,570000,1.7,10,广州
皮卡,3,福特F-150,488000,1.37,500,昆明
皮卡,3,坦途,398000,1.11,268,青岛
皮卡,8,福特F-150,205000,3.48,1400,苏州
皮卡,4,福特F-150,489000,1.37,1000,沈阳
皮卡,2,炮,176800,1.85,260,成都
皮卡,3,炮,98000,1.36,400,昆明
皮卡,2,炮,172600,1.88,350,昆明
皮卡,11,坦途,178800,3.65,1000,南京
皮卡,3,福特F-150,578000,1.9,550,东莞
皮卡,2,炮,168000,1.6,320,西安
皮卡,4,福特F-150,558000,1.84,600,东莞
皮卡,11,福特F-150,158000,3.56,610,沈阳
皮卡,2,坦途,428000,1.57,170,沈阳
皮卡,4,领主,40000,2.79,680,宁波
皮卡,4,福特F-150,308800,1.56,600,青岛
皮卡,2,黄海N2,98800,1.32,8,东莞
皮卡,11,福特F-150,238800,3.29,1100,南京
皮卡,2,坦途,514000,1.14,112,西安
皮卡,7,宝典,30000,3.69,890,宁波
皮卡,2,炮,159800,1.84,420,成都
皮卡,11,福特F-150,159800,3.51,730,昆明
皮卡,5,福特F-150,449799,1.29,900,沈阳
皮卡,5,坦途,409799,1.31,600,西安
皮卡,3,炮,105000,2.84,500,哈尔滨
皮卡,8,坦途,388000,1.39,600,厦门
皮卡,4,福特F-150,518000,1.2,680,济南
皮卡,3,炮,99200,2.91,500,成都
皮卡,2,炮,116000,1.62,200,清远
皮卡,4,福特F-150,392000,1.48,320,石家庄
皮卡,7,D-MAX,99900,3.58,600,海口
皮卡,3,福特F-150,498000,1.32,17,郑州
皮卡,4,D-MAX,188000,2.75,1200,郑州
皮卡,6,福特F-150,285000,3.18,850,郑州
皮卡,4,坦途,440000,1.39,320,沈阳
皮卡,8,福特F-150,213000,1.41,470,南昌
皮卡,8,坦途,278000,3.48,800,深圳
皮卡,3,福特F-150,408000,1.89,660,重庆
皮卡,3,长安神骐F30,38000,1.84,110,北京
皮卡,3,福特F-150,390000,1.28,700,临沂
皮卡,9,风骏5,45800,4.65,1600,东莞
皮卡,2,风骏7,87800,1.94,470,南宁
皮卡,2,炮,192800,1.51,180,南京
皮卡,0,角斗士,679000,1.39,30,合肥
皮卡,2,炮,158800,1.54,400,成都
皮卡,2,域虎7,118800,1.26,290,成都
皮卡,5,福特F-150,438000,1.88,800,青岛
皮卡,5,福特F-150,508000,1.14,30,长春
皮卡,7,宝典,48000,3.63,500,海口
皮卡,3,炮,103800,1.39,330,北京
皮卡,4,福特F-150,498000,1.23,1200,赤峰
皮卡,5,福特F-150,365000,1.48,900,昆明
皮卡,3,领主,86800,2.89,700,昆明
皮卡,9,风骏5,47900,3.07,1400,海口
皮卡,2,炮,128800,1.44,250,郑州
皮卡,11,坦途,199000,1.88,420,成都
皮卡,1,炮,112000,2.46,500,武汉
皮卡,8,福特F-150,185000,3.52,890,武汉
皮卡,4,风骏7,75000,1.67,450,兰州
皮卡,3,福特F-150,550000,1.63,540,合肥
皮卡,8,坦途,260000,3.66,500,济南
皮卡,7,宝典,38000,3.48,800,梅州
皮卡,8,坦途,289800,3.05,509,海口
皮卡,5,福特F-150,279800,2.65,1000,南京
皮卡,4,锐骐,66000,1.15,290,济南
皮卡,13,宝典,32000,3.1,900,海口
皮卡,3,福特F-150,568000,1.81,526,昆明
皮卡,4,福特F-150,488000,1.02,900,东莞
皮卡,8,坦途,253000,1.62,90,沈阳
皮卡,6,坦途,309000,1.82,919,成都
皮卡,1,炮,118800,1.04,120,温州
皮卡,12,锐骐,26800,3.67,1300,南宁
皮卡,1,炮,95800,1.8,270,温州
皮卡,5,风骏5,63000,1.08,490,兰州
皮卡,2,炮,109800,1.36,400,兰州
皮卡,2,风骏5,58000,1.54,150,济南
皮卡,7,风骏5,135900,3.13,500,石家庄
皮卡,4,福特F-150,558000,1.3,300,嘉兴
皮卡,5,纳瓦拉,102600,1.05,250,南昌
皮卡,2,炮,115000,1.96,140,厦门
皮卡,5,御风P16,77700,1.29,180,海口
皮卡,3,炮,103699,1.38,300,海口
皮卡,6,锐骐,57699,3.92,800,海口
皮卡,3,福特F-150,467900,1.43,360,北京
皮卡,5,金典,38600,1.55,300,曲靖
皮卡,13,五十铃皮卡,19800,4.04,2000,东莞
皮卡,8,坦途,249800,4.13,1600,无锡
皮卡,3,福特F-150,538800,1.22,600,保定
皮卡,5,福特F-150,388800,1.94,400,保定
皮卡,3,福特F-150,549800,1.01,250,廊坊
皮卡,5,福特F-150,416800,1.36,1200,无锡
皮卡,7,五十铃皮卡,51800,3.87,550,贵阳
皮卡,3,福特F-150,478000,1.57,300,长春
皮卡,4,威虎,69800,2.1,500,昆明
皮卡,5,福特F-150,286000,1.72,390,沈阳
皮卡,5,坦途,308000,1.86,790,西安
皮卡,4,域虎3,58800,2.82,900,潍坊
皮卡,8,福特F-150,266000,3.99,1000,赤峰
皮卡,9,坦途,238000,3.22,869,成都
皮卡,5,纳瓦拉,128800,2.25,500,保定
皮卡,0,坦途,508000,1.22,68,昆明
皮卡,1,炮,118800,1.63,100,济南
皮卡,5,福特F-150,478000,1.71,690,青岛
皮卡,2,锐骐6,76800,1.69,229,潍坊
皮卡,5,福特F-150,328800,1.3,700,南京
皮卡,3,炮,105800,2.93,600,潍坊
皮卡,2,炮,158800,1.83,370,潍坊
皮卡,5,福特F-150,285000,2.58,700,日照
皮卡,1,炮,108000,1.15,100,青岛
皮卡,7,黄海N2,27000,3.48,980,宿迁
皮卡,9,日产ZN厢式车,48800,3.43,520,石家庄
皮卡,2,炮,154800,1.32,200,石家庄
皮卡,8,福特F-150,198000,3.17,1000,北京
皮卡,7,黄海N2,56000,3.57,580,吉安
皮卡,3,福特F-150,458000,1.57,490,大连
皮卡,5,纳瓦拉,108000,1.36,300,济南
皮卡,9,风骏5,23800,4.91,1700,广州
皮卡,8,坦途,278000,1.98,330,北京
皮卡,1,炮,118000,1.82,220,保定
皮卡,11,风骏5,17000,3.91,1000,宿迁
皮卡,2,炮,125800,1.13,200,石家庄
皮卡,3,福特F-150,668000,1.49,200,广州
皮卡,5,坦途,445000,1.3,306,贵阳
皮卡,4,Ranger(进口),248800,1.01,299,长沙
皮卡,1,炮,89900,1.13,360,南充
皮卡,5,福特F-150,468000,1.37,900,无锡
皮卡,11,福特F-150,249800,3.99,1000,南京
皮卡,5,福特F-150,420000,1.42,800,海口
皮卡,11,坦途,153000,3.68,1000,北京
皮卡,3,炮,89800,1.34,100,东莞
皮卡,1,炮,106800,1.71,200,广州
皮卡,4,坦途,358000,1.57,800,金华
皮卡,11,福特F-150,258000,3.54,800,北京
皮卡,8,坦途,228000,1.66,80,淄博
皮卡,3,炮,99000,1.01,420,潍坊
皮卡,5,锐骐,59000,2.61,630,昆明
皮卡,6,福特F-150,279000,3.71,600,唐山
皮卡,11,福特F-150,158000,4.05,1500,济南
皮卡,0,坦途,768000,1.39,3,天津
皮卡,3,北京F40,119800,1.73,400,保定
皮卡,3,炮,135000,1.7,200,北京
皮卡,8,坦途,325000,1.26,900,兰州
皮卡,6,福特F-150,328000,1.78,1000,兰州
皮卡,0,角斗士,528000,1.13,1,重庆
皮卡,3,炮,108000,1.98,300,济南
皮卡,3,福特F-150,435000,1.36,170,成都
皮卡,3,福特F-150,379000,1.3,400,济南
皮卡,1,炮,98800,1.7,38,廊坊
皮卡,1,炮,158000,2.13,600,重庆
皮卡,4,域虎5,81900,2.78,730,南昌
皮卡,0,福特F-150,880000,1.6,1,沈阳
皮卡,11,福特F-150,178000,3.37,800,吉林
皮卡,3,福特F-150,460000,1.78,380,唐山
皮卡,7,江淮T6,55000,1.03,400,合肥
皮卡,11,坦途,318000,2.8,650,北京
皮卡,11,福特F-150,140000,4.74,1700,沈阳
皮卡,5,风骏6,58000,2.18,560,宝鸡
皮卡,11,坦途,145000,3.34,1000,沈阳
皮卡,8,坦途,368000,1.79,700,成都
皮卡,8,坦途,298000,3.82,600,无锡
皮卡,3,福特F-150,450000,1.08,370,唐山
皮卡,8,坦途,428800,1.57,450,南宁
皮卡,0,角斗士,518000,1.41,100,重庆
皮卡,2,炮,148000,1.3,390,沈阳
皮卡,0,福特F-150,768000,1.05,1,广州
皮卡,3,福特F-150,580000,1.53,600,唐山
皮卡,8,坦途,288000,3.16,819,东莞
皮卡,3,炮,80000,2.75,620,台州
皮卡,8,坦途,338000,1.47,680,昆明
皮卡,8,坦途,398000,1.59,1300,成都
皮卡,2,坦途,458000,1.92,229,昆明
皮卡,5,黄海N1房车,118000,1.41,300,青岛
皮卡,8,坦途,468000,1.12,600,常州
皮卡,8,坦途,265000,1.09,240,玉溪
皮卡,8,福特F-150,269000,1.57,280,保定
皮卡,11,坦途,160000,3.98,1300,唐山
皮卡,3,福特F-150,638000,1.62,300,朝阳
皮卡,8,坦途,278000,3.39,850,玉溪
皮卡,4,福特F-150,366000,1.09,459,广州
皮卡,5,福特F-150,348800,1.69,400,哈尔滨
皮卡,8,SIERRA,398000,1.86,40,北京
皮卡,8,福特F-150,228000,3.97,1200,北京
皮卡,8,福特F-150,285000,3.56,700,南京
皮卡,5,福特F-150,498000,1.72,700,深圳
皮卡,8,福特F-150,186000,3.83,900,烟台
皮卡,4,D-MAX,142000,2.28,600,济南
皮卡,4,福特F-150,498000,1.37,500,贵阳
皮卡,0,角斗士,516000,1.83,30,郑州
皮卡,2,铃拓,95000,1.4,130,资阳
皮卡,2,铃拓,100000,1.87,60,资阳
皮卡,2,炮,108000,1.35,260,资阳
皮卡,1,锐骐6,123800,1.21,150,资阳
皮卡,1,炮,133800,1.16,310,湖州
皮卡,3,福特F-150,447000,1.34,350,唐山
皮卡,3,福特F-150,417000,1.97,220,唐山
皮卡,3,D-MAX,157000,1.58,400,济南
皮卡,8,坦途,305000,1.52,680,保定
皮卡,4,福特F-150,478000,1.78,660,长春
皮卡,1,炮,119000,2.77,590,长春
皮卡,2,炮,98800,1.84,330,青岛
皮卡,5,福特F-150,489799,1.51,720,南京
皮卡,4,福特F-150,498000,1.99,900,临沂
皮卡,0,金刚炮,89800,1.42,50,潍坊
皮卡,2,炮,149800,1.23,90,潍坊
皮卡,2,炮,159800,1.36,320,潍坊
皮卡,3,炮,85000,2.28,500,济南
皮卡,5,坦途,395000,1.35,400,无锡
皮卡,3,福特F-150,418000,1.23,350,石家庄
皮卡,1,炮,90000,1.89,190,淄博
皮卡,9,日产ZN厢式车,48000,4.28,1600,杭州
皮卡,3,福特F-150,388000,1.36,650,北京
皮卡,11,坦途,143000,3.67,1100,烟台
皮卡,5,风骏6,59800,2.09,500,襄阳
皮卡,8,坦途,298000,3.32,1100,常州
皮卡,1,北京F40,149000,1.3,50,济南
皮卡,0,角斗士,610000,1.01,60,嘉兴
皮卡,0,宝典,89800,1.3,121,淮南
皮卡,3,拓陆者,67600,1.24,300,济南
皮卡,11,坦途,160000,3.17,550,天津
皮卡,5,福特F-150,510000,1.83,620,北京
皮卡,3,福特F-150,560000,1.02,1000,北京
皮卡,5,福特F-150,470000,1.1,630,北京
皮卡,5,福特F-150,458800,1.58,700,温州
皮卡,3,福特F-150,598000,1.94,300,沈阳
皮卡,5,福特F-150,438000,1.7,800,沈阳
皮卡,8,坦途,478000,1.23,450,深圳
皮卡,5,福特F-150,318000,1.64,500,沧州
皮卡,5,福特F-150,308000,1.29,700,哈尔滨
皮卡,3,福特F-150,560000,1.71,1,重庆
皮卡,5,风骏5,55000,1.54,200,宁波
皮卡,5,福特F-150,289000,2.49,981,保定
皮卡,3,福特F-150,568000,1.02,940,无锡
皮卡,3,福特F-150,476000,1.97,90,无锡
皮卡,3,福特F-150,518000,1.97,700,大连
皮卡,5,福特F-150,530000,1.15,500,鄂尔多斯
皮卡,10,坦途,238000,1.42,240,柳州
皮卡,5,福特F-150,368000,1.19,400,广州
皮卡,4,域虎3,62800,1.63,300,长沙
皮卡,3,福特F-150,358000,1.69,280,唐山
皮卡,2,炮,155800,1.94,170,温州
皮卡,0,福特F-150,502000,1.85,110,唐山
皮卡,0,福特F-150,570000,1.45,110,唐山
皮卡,3,福特F-150,558000,1.77,660,北京
皮卡,3,福特F-150,628000,1.02,450,广州
皮卡,5,福特F-150,288800,2.81,1100,沈阳
皮卡,4,D-MAX,128000,2.82,700,柳州
皮卡,1,炮,258000,1.77,100,温州
皮卡,5,福特F-150,395000,1.22,300,福州
皮卡,5,纳瓦拉,88800,1.68,50,鞍山
皮卡,3,福特F-150,598000,1.11,600,武汉
皮卡,3,福特F-150,428000,1.4,200,福州
皮卡,3,福特F-150,628000,1.21,310,潍坊
皮卡,5,纳瓦拉,140000,1.97,150,廊坊
皮卡,3,福特F-150,630000,1.28,400,哈尔滨
皮卡,3,福特F-150,615000,1.33,480,北京
皮卡,3,福特F-150,518800,1.84,300,沈阳
皮卡,5,风骏5,56200,2.28,600,石家庄
皮卡,5,福特F-150,460000,1.28,700,邯郸
皮卡,3,福特F-150,558000,1.63,400,临沂
皮卡,5,福特F-150,436000,1.68,700,临沂
皮卡,2,炮,105000,1.4,430,潍坊
皮卡,3,福特F-150,438000,1.8,120,唐山
皮卡,8,坦途,339799,1.66,680,南京
皮卡,3,福特F-150,568000,1.22,900,保定
皮卡,5,福特F-150,429799,1.2,1000,重庆
皮卡,4,杰虎房车,148800,1.7,300,长沙
皮卡,3,福特F-150,379000,1.59,499,保定
皮卡,5,福特F-150,455800,1.46,1000,银川
皮卡,5,福特F-150,288000,2.41,1200,太原
皮卡,2,炮,136000,1.95,300,本溪
皮卡,3,炮,92000,2.55,500,本溪
皮卡,3,炮,111800,1.43,400,成都
皮卡,3,福特F-150,598000,1.42,640,郑州
皮卡,8,福特F-150,258000,3.01,1000,无锡
皮卡,3,福特F-150,428000,1.31,500,郑州
皮卡,9,日产D22,53800,3.61,800,上海
面包车,3,五菱宏光,37800,1.57,280,上海
面包车,9,五菱宏光,19800,3.47,700,佛山
面包车,2,五菱荣光EV,69800,1.59,390,杭州
面包车,2,东风小康EC36,63800,2.23,500,杭州
面包车,1,五菱宏光,41000,1.23,213,上海
面包车,4,东风小康EC36,34000,2.47,1000,广州
面包车,2,小海狮X30,27599,1.48,300,上海
面包车,1,长安之星9EV,51800,1.37,400,广州
面包车,4,五菱宏光,39800,1.39,459,上海
面包车,6,五菱宏光,29800,1.62,350,上海
面包车,0,东风小康K05S,33600,1.12,90,上海
面包车,2,东风小康EC36,51800,2.92,590,广州
面包车,1,长安之星9EV,48800,2.53,900,广州
面包车,3,五菱宏光,42800,1.5,380,东莞
面包车,3,五菱宏光V,38000,1.92,400,东莞
面包车,7,五菱宏光,26800,3.83,620,芜湖
面包车,7,东风小康K07S,8000,3.72,900,合肥
面包车,6,北汽幻速H2,16700,3.57,500,中山
面包车,1,好运1号,63000,1.94,150,成都
面包车,1,长安之星9EV,63800,1.21,180,成都
面包车,11,北汽威旺306,7800,3.59,800,温州
面包车,2,五菱荣光EV,79800,1.56,200,杭州
面包车,6,五菱宏光,31000,3,700,深圳
面包车,8,风光330,15800,3.32,600,揭阳
面包车,0,江豚,88800,1.2,1,杭州
面包车,2,五菱荣光EV,65000,1.69,480,杭州
面包车,12,五菱之光,8900,3.67,850,昆明
面包车,4,五菱宏光,28800,1.17,470,上海
面包车,3,五菱宏光V,37600,1.61,200,上海
面包车,4,五菱荣光V,29800,1,480,上海
面包车,9,东风小康K07II,8800,3.41,850,东莞
面包车,3,风光330,29000,1.04,100,哈尔滨
面包车,1,海狮X30L,39800,1.67,200,上海
面包车,1,海狮X30L,38000,1.27,180,上海
面包车,1,五菱宏光V,39500,1.38,200,上海
面包车,7,五菱荣光V,20800,3.57,500,上海
面包车,8,五菱宏光,12500,3.81,900,广州
面包车,3,海豚EV,86800,2.36,700,长沙
面包车,1,五菱宏光,51800,1.11,15,佛山
面包车,2,五菱荣光EV,79800,2.88,600,杭州
面包车,10,五菱荣光,26800,1.45,409,南昌
面包车,8,五菱宏光,25000,3.7,990,惠州
面包车,8,五菱荣光,20800,3.48,730,嘉兴
面包车,9,福瑞达,19500,1.64,300,合肥
面包车,9,欧诺S,13799,3.46,720,海口
面包车,8,五菱宏光,22799,3.76,1000,长沙
面包车,9,东风小康K07,8800,3.57,1300,昆明
面包车,2,五菱荣光EV,69800,1.11,290,金华
面包车,7,五菱宏光,21800,3.83,810,嘉兴
面包车,6,五菱宏光,26000,1.44,450,汕头
面包车,4,风光330,26800,1.92,400,绵阳
面包车,1,五菱宏光V,39800,1.99,420,合肥
面包车,1,五菱EV50,69800,1.96,198,东莞
面包车,3,好运1号,55800,2,780,东莞
面包车,2,东风小康EC36,48800,2.61,580,东莞
面包车,9,五菱之光,13799,3.5,1000,嘉兴
面包车,1,好运1号,59800,2.52,509,东莞
面包车,5,东风小康EC36,41800,1.71,380,东莞
面包车,6,东风小康K07S,18000,1.74,290,南昌
面包车,2,瑞驰新能源EC35,49800,1.15,380,东莞
面包车,8,五菱荣光,31800,3.21,500,贵阳
面包车,11,海星A7,8800,3.76,500,武汉
面包车,12,五菱宏光,18800,3.35,850,衡阳
面包车,6,五菱荣光V,21800,1.83,450,武汉
面包车,8,风光330,15800,3.06,500,嘉兴
面包车,8,欧诺S,18800,3.79,1000,丽水
面包车,7,五菱荣光V,19800,3.8,950,衡阳
面包车,2,五菱之光,23800,1.24,380,惠州
面包车,0,远程E5,69900,1.74,113,东莞
面包车,2,五菱荣光,29900,2.57,500,乌鲁木齐
面包车,2,五菱之光,29900,1.68,300,乌鲁木齐
面包车,6,五菱宏光,24800,3.17,700,泉州
面包车,8,五菱宏光,23800,3.72,600,东莞
面包车,8,五菱宏光,26800,3.28,500,东莞
面包车,7,长安之星3,15000,3.41,800,东莞
面包车,8,五菱之光,11800,3.83,800,温州
面包车,11,五菱荣光,11800,3.59,800,上海
面包车,8,五菱荣光,15800,3.69,700,上海
面包车,7,五菱宏光,27900,3.11,600,昆明
面包车,2,瑞驰新能源EC35,59000,2.83,800,漳州
面包车,6,五菱宏光,28800,1.74,400,合肥
面包车,7,五菱宏光,24800,3.2,800,合肥
面包车,9,五菱之光,13000,3.52,914,合肥
面包车,10,长安之星2,11900,3.72,900,宁波
面包车,3,五菱荣光,27000,1.55,180,宁波
面包车,8,五菱宏光,17800,3.54,600,南京
面包车,4,五菱宏光,37500,1.67,200,宁波
面包车,7,五菱宏光,23800,1.95,180,昆明
面包车,13,长安之星,5100,3.59,700,青岛
面包车,10,五菱荣光,14000,1.01,490,西安
面包车,13,浪迪,24800,3.82,800,郑州
面包车,3,五菱宏光,43800,1.56,160,珠海
面包车,8,五菱宏光,18800,3.31,958,佛山
面包车,9,五菱之光,10900,3.02,520,温州
面包车,7,五菱荣光V,18800,3.75,800,中山
面包车,10,长安之星2,9800,3.42,1000,绍兴
面包车,10,欧诺S,9800,3.61,700,重庆
面包车,3,长安之星9EV,58000,1.75,30,东莞
面包车,3,欧诺S,33800,1.06,260,重庆
面包车,8,五菱宏光,29800,3.56,1100,绍兴
面包车,2,小海狮X30,29800,1.42,220,东莞
面包车,8,五菱宏光,21800,3.94,700,上海
面包车,6,风光330,17800,3.73,600,上海
面包车,3,海狮X30L,33800,2.51,800,东莞
面包车,6,五菱荣光V,26800,3.77,600,上海
面包车,8,风光330,15800,3.57,1100,昆明
面包车,4,五菱宏光,32000,2.5,600,衢州
面包车,7,五菱之光,19800,3.06,720,盐城
面包车,12,五菱宏光,13500,3.52,1000,东莞
面包车,2,五菱EV50,68800,1.54,440,福州
面包车,6,风光330,23800,1.61,280,苏州
面包车,2,五菱EV50,55800,1.51,300,东莞
面包车,8,福瑞达,7700,3.06,1100,青岛
面包车,7,五菱之光,15000,1.67,200,宁波
面包车,3,五菱宏光V,43000,1.45,78,温州
面包车,7,五菱荣光V,28000,3.34,530,东莞
面包车,6,五菱宏光,26800,1.96,260,宁波
面包车,7,五菱荣光V,15800,1.94,450,宁波
面包车,8,北汽威旺M20,10000,3.3,530,宁波
面包车,6,北汽幻速H2,15000,3.59,800,东莞
面包车,2,五菱宏光,32000,1.53,300,贵阳
面包车,11,五菱荣光,11000,3.57,750,广州
面包车,10,长安之星2,8800,3.27,500,宁波
面包车,8,风光330,11800,1.06,430,宁波
面包车,11,五菱荣光,11800,3.48,500,宁波
面包车,9,五菱之光,11800,1.25,400,宁波
面包车,6,五菱荣光V,26800,1.61,200,曲靖
面包车,6,五菱荣光V,33600,1.78,400,曲靖
面包车,3,五菱荣光V,39800,1.23,330,漳州
面包车,3,五菱宏光V,42000,1.21,240,漳州
面包车,7,五菱宏光,27000,1.39,480,宁波
面包车,6,五菱荣光V,23800,1.3,190,宁波
面包车,12,五菱宏光,13000,4.06,1500,盐城
面包车,10,欧诺S,13799,3.11,600,东莞
面包车,3,开沃D07创业者,58800,2.03,520,海口
面包车,9,五菱宏光,15600,3.17,700,曲靖
面包车,7,五菱之光,9800,1.67,450,宁波
面包车,6,东风小康C37,17000,1.04,480,宁波
面包车,9,五菱宏光,15000,3.65,1200,盐城
面包车,8,五菱宏光,15000,3.85,1400,盐城
面包车,5,北汽威旺M30,16000,2.63,897,南昌
面包车,6,五菱宏光,28500,3.59,600,合肥
面包车,7,五菱宏光,16800,3.96,509,南昌
面包车,11,五菱荣光,8000,3.51,560,宁波
面包车,6,五菱荣光V,22000,1.23,190,宁波
面包车,10,东风小康V29,7500,1.42,380,宁波
面包车,11,五菱荣光,8800,3.99,600,宁波
面包车,9,长安之星,8800,1.15,399,宁波
面包车,6,五菱荣光V,23800,1.29,250,宁波
面包车,7,五菱荣光V,16800,1.05,430,宁波
面包车,8,欧诺S,16000,1.64,430,宁波
面包车,7,五菱荣光V,16800,1.26,398,宁波
面包车,6,五菱荣光V,13799,1.87,388,宁波
面包车,11,五菱荣光,13799,3.42,800,宁波
面包车,11,北汽威旺306,8500,3.48,900,无锡
面包车,2,五菱荣光,30299,2.09,600,成都
面包车,6,风光330,23800,1.92,140,中山
面包车,0,远程星享V,99800,1.24,1,东莞
面包车,5,东风小康EC36,46800,2.22,500,杭州
面包车,10,长安星光4500,13000,3.46,800,无锡
面包车,4,五菱宏光,36800,1.16,400,南京
面包车,7,五菱之光,19800,3.89,680,嘉兴
面包车,10,五菱荣光,16800,3.48,900,泉州
面包车,4,五菱宏光,39000,1.92,170,汕头
面包车,8,五菱宏光,19800,1.15,458,宁波
面包车,7,北汽幻速H2,26800,1.55,400,重庆
面包车,0,远程星享V,107000,1.09,1,上海
面包车,8,欧诺S,14000,3.78,500,宁波
面包车,3,北汽昌河M50S,25800,2.76,500,东莞
面包车,2,五菱荣光EV,59900,1.87,200,成都
面包车,7,五菱荣光V,21800,3.99,690,南昌
面包车,6,五菱宏光,36800,1.66,390,西安
面包车,5,东风小康K07S,13799,2.25,690,东莞
面包车,8,风光330,13000,1.99,459,宁波
面包车,12,五菱宏光,15800,3.35,1300,佛山
面包车,6,五菱荣光V,33000,3.88,790,金华
面包车,11,佳宝V52,5900,1.39,430,郑州
面包车,9,北汽威旺205,13799,1.66,400,洛阳
面包车,9,五菱之光,16800,1.38,400,洛阳
面包车,9,五菱之光,7800,1.02,300,温州
面包车,8,北汽威旺M20,14300,3.88,800,东莞
面包车,8,福瑞达,11100,3.96,760,合肥
面包车,12,五菱之光,9800,3.38,700,哈尔滨
面包车,2,瑞驰新能源EC35,49800,1.53,270,东莞
面包车,10,五菱荣光,32000,3.19,663,南宁
面包车,1,五菱EV50,68000,2.44,500,苏州
面包车,9,长安之星,13500,3.31,800,苏州
面包车,5,五菱荣光,28800,2.11,700,西安
面包车,3,东风小康K05S,30800,1.25,80,威海
面包车,12,五菱之光,6000,3.36,900,临沂
面包车,7,五菱荣光V,17800,3.23,600,宁波
面包车,3,五菱宏光V,37300,1.31,400,宁波
面包车,3,五菱宏光,42800,1.72,240,长沙
面包车,6,五菱荣光V,24500,1.94,330,杭州
面包车,7,北汽威旺M30,18800,3.76,520,惠州
面包车,1,东风小康K07S,27500,1.57,37,上海
面包车,9,长安V5,9800,3.15,600,曲靖
面包车,8,五菱宏光,19000,3.21,600,洛阳
面包车,8,风光330,15800,3.09,700,哈尔滨
面包车,12,五菱之光,6000,3.84,1000,杭州
面包车,13,长安之星,5000,3.72,960,杭州
面包车,7,五菱宏光,18500,3.37,915,南昌
面包车,12,五菱之光,5500,3.96,900,上海
面包车,9,五菱宏光,16800,3.31,800,中山
面包车,8,北汽威旺307,9200,3.6,680,杭州
面包车,8,五菱宏光,23800,3.78,710,温州
面包车,10,五菱荣光,9800,3.79,620,杭州
面包车,11,五菱荣光,11000,3.88,630,杭州
面包车,9,五菱宏光,13799,3.14,1200,遵义
面包车,1,优优EV,49800,2.81,560,泉州
面包车,7,东风小康K07S,9500,3.74,600,宁波
面包车,4,五菱宏光,37500,2.11,600,东莞
面包车,7,五菱宏光,23000,3.75,580,武汉
面包车,13,长安之星S460,9800,3.86,1000,合肥
面包车,8,欧诺S,7500,1.38,450,杭州
面包车,0,远程E5,73000,1.13,150,泉州
面包车,7,五菱荣光V,19800,3.98,560,上海
面包车,8,欧诺S,14600,3.21,800,宁波
面包车,0,远程星享V,95800,1.07,200,杭州
面包车,11,五菱荣光,7800,1.6,250,杭州
面包车,3,五菱宏光V,42000,1.11,60,上海
面包车,3,五菱荣光,25600,1.56,430,上海
面包车,11,五菱荣光,7800,4.82,2500,杭州
面包车,1,好运1号,62800,2,580,泉州
面包车,9,五菱之光,9500,3.29,670,宁波
面包车,9,五菱之光,11200,3.97,520,宁波
面包车,8,五菱宏光,18800,1.84,120,广州
面包车,4,五菱荣光V,27500,1,229,上海
面包车,8,五菱荣光,16800,3.49,700,遵义
面包车,4,五菱荣光V,31600,1.09,300,昆明
面包车,9,五菱宏光,17000,3.22,981,嘉兴
面包车,1,瑞驰新能源EC35,59800,1.04,150,泉州
面包车,2,五菱EV50,63000,1.45,290,泉州
面包车,2,启腾M70EV,49800,1.45,240,泉州
面包车,6,五菱宏光,25800,1.8,488,上海
面包车,13,东风小康K17,5500,3.08,630,杭州
面包车,2,长安睿行M60,53000,1.11,70,宁波
面包车,6,北汽威旺306,7800,3.91,850,杭州
面包车,6,五菱宏光,26800,3.46,580,柳州
面包车,4,五菱宏光,27799,1.62,400,哈尔滨
面包车,5,启腾M70EV,28800,2.67,900,泉州
面包车,6,五菱宏光,29000,3.42,550,泉州
面包车,1,欧诺S,38000,1.05,85,上海
面包车,8,北汽威旺M20,12800,3.66,1200,东莞
面包车,8,北汽威旺M20,10500,3.84,730,宁波
面包车,11,五菱荣光,9000,1.29,30,宁波
面包车,7,五菱宏光,23000,3.4,700,泉州
面包车,1,海狮X30L,31800,1.47,360,宁波
面包车,13,长安之星2,4000,4.11,1500,昆明
面包车,2,启腾M70EV,46800,2.65,998,泉州
面包车,2,五菱EV50,55000,2.33,800,泉州
面包车,8,北汽威旺M20,15800,3.39,700,绍兴
面包车,4,五菱宏光,35800,2.82,580,东莞
面包车,6,海狮X30L,20500,3.35,580,宁波
面包车,4,海狮X30L,31800,1.14,200,宁波
面包车,8,北汽威旺M20,15800,1.77,350,广州
面包车,1,五菱宏光,56000,1.76,70,兰州
面包车,6,东风小康K07S,11100,3.45,700,合肥
面包车,7,五菱宏光,21800,4.95,1600,衢州
面包车,3,五菱宏光V,38000,1.65,180,宁波
面包车,8,风光330,27700,3.28,700,海口
面包车,3,五菱宏光V,38800,1.45,290,宁波
面包车,8,五菱宏光,20000,3.66,990,宁波
面包车,3,五菱荣光V,30800,1.97,215,宁波
面包车,7,五菱荣光V,18000,3.84,650,宁波
面包车,13,长安之星,6800,3.98,800,南京
面包车,8,北汽威旺M20,9800,3.2,900,绍兴
面包车,6,五菱荣光V,29800,1.16,390,清远
面包车,6,五菱荣光V,25000,1.47,370,宁波
面包车,8,欧诺S,15500,3.26,550,宁波
面包车,7,北汽幻速H2,19000,3.39,810,泉州
面包车,6,五菱荣光V,25800,1.81,430,宁波
面包车,6,风光330,17800,3.73,1000,东莞
面包车,11,五菱荣光,8900,3.25,1300,广州
面包车,9,五菱之光,13799,3.14,1200,哈尔滨
面包车,1,五菱宏光V,43800,1.7,390,杭州
面包车,8,风光330,23000,3.65,520,泉州
面包车,6,五菱宏光,29900,1.56,480,南充
面包车,6,五菱荣光V,33800,3.83,500,福州
面包车,9,五菱之光,9900,4.35,1500,昆明
面包车,3,五菱宏光,35800,2.82,500,东莞
面包车,3,五菱宏光,41800,1.62,450,嘉兴
面包车,0,东风小康EC36,79800,1.43,5,广州
面包车,1,SRM鑫源新能源海狮EV,66000,1.06,440,广州
面包车,3,五菱宏光V,42800,1.76,350,宁波
面包车,2,长安睿行M60,43800,1.62,380,杭州
面包车,7,欧诺S,23800,3.51,1200,宜宾
面包车,3,五菱宏光V,36900,1.32,400,郑州
面包车,4,东风小康EC36,45800,2.48,500,杭州
面包车,8,风光330,19800,3.2,600,银川
面包车,10,五菱荣光,15800,3.49,800,嘉兴
面包车,9,五菱宏光,23800,3.62,874,佛山
面包车,10,长安星光4500,18800,3.51,1000,上海
面包车,6,五菱荣光V,29800,3.48,919,东莞
面包车,4,风光330,27599,2.69,660,上海
面包车,7,北汽威旺M20,15800,3.18,1200,上海
面包车,6,海狮X30L,26800,3.75,700,上海
面包车,6,五菱荣光V,22799,3.05,650,宁波
面包车,9,五菱宏光,18000,3.44,770,广州
面包车,3,好运1号,49800,2.78,1200,广州
面包车,0,远程E5,69800,1.42,170,东莞
面包车,3,瑞驰新能源EC35,40800,2.78,1000,广州
面包车,3,东风小康K07S,16800,1.1,400,泉州
面包车,2,东风小康EC36,53800,2.53,800,广州
面包车,3,五菱宏光,39000,2.2,780,南京
面包车,12,五菱之光,13000,1.89,200,济南
面包车,5,欧诺S,21800,2.42,800,东莞
面包车,8,北汽威旺M20,13799,1.54,300,深圳
面包车,9,五菱宏光,18800,3.1,900,吉安
面包车,1,小海狮X30,34800,1.71,280,上海
面包车,10,五菱荣光,13799,3.65,890,上海
面包车,1,长安之星5,33600,1.12,200,上海
面包车,4,东风小康K05S,23600,1.65,409,江门
面包车,8,五菱宏光,16600,3.78,1000,宁波
面包车,12,五菱宏光,13799,3.26,900,佛山
面包车,10,长安之星2,11800,3.6,509,宁波
面包车,8,五菱宏光,27799,3.17,900,东莞
面包车,8,五菱宏光,23800,1.37,130,南宁
面包车,4,东风小康EC36,39800,2.42,768,南宁
面包车,6,五菱宏光,23800,3.26,900,佛山
面包车,1,瑞驰新能源EC35,55000,2.16,900,广州
面包车,2,五菱宏光,32000,2.92,500,台州
面包车,1,五菱荣光,39800,1.89,400,昆明
面包车,3,海豚EV,71800,2.65,600,广州
面包车,5,东风小康EC36,38800,2.61,640,东莞
面包车,7,北汽昌河M50S,21800,1.95,400,东莞
面包车,1,长安之星9EV,49800,2.79,550,东莞
面包车,0,江豚,98800,1.9,10,杭州
面包车,0,小海狮X30,36000,1.76,70,福州
面包车,6,五菱宏光,27799,3.81,650,宁波
面包车,11,五菱荣光,11800,3.72,910,宁波
面包车,12,五菱之光,9800,3.14,930,宁波
面包车,11,五菱荣光,13799,1.88,130,宁波
面包车,8,五菱宏光,18800,3.49,860,宁波
面包车,6,海狮X30L,25000,3.73,1100,福州
面包车,1,长安睿行EM60,69800,1.73,130,东莞
面包车,6,五菱荣光V,29800,3.05,760,福州
面包车,1,瑞驰新能源EC35,58000,2.82,670,东莞
面包车,2,五菱荣光EV,59800,2.47,570,东莞
面包车,2,瑞驰新能源EC35,59800,2.21,700,东莞
面包车,1,好运1号,58800,2.66,500,东莞
面包车,5,启腾M70EV,26800,2.6,900,东莞
面包车,1,瑞驰新能源EC35,59600,2.81,700,东莞
面包车,4,北汽威旺407EV,39800,2.06,800,东莞
面包车,3,风景V5新能源,51800,2.02,580,保定
面包车,5,风光330,19500,1.93,350,广州
面包车,3,优优EV,36600,2.28,850,东莞
面包车,2,比克兴熠,59800,1.96,2,保定
面包车,3,瑞驰新能源EC35,36800,2.18,790,保定
面包车,3,五菱宏光V,44000,1.45,158,泉州
面包车,3,好运1号,91800,1.73,2,保定
面包车,8,五菱宏光,32800,3.75,750,郑州
面包车,14,五菱之光,8800,3.33,1400,广州
面包车,13,长安之星,12800,3.7,800,广州
面包车,2,启腾M70EV,60000,2.29,509,泉州
面包车,7,五菱宏光,25800,3.03,790,东莞
面包车,3,SRM鑫源新能源小海狮EV,53800,2.94,620,天津
面包车,6,五菱荣光V,23500,3.6,610,合肥
面包车,2,五菱荣光EV,76800,2.74,500,杭州
面包车,0,五菱宏光V,43800,1.71,300,东莞
面包车,8,五菱宏光,28800,3.34,1100,六安
面包车,6,东风小康K07S,12800,3.98,900,芜湖
面包车,1,东风小康EC36,73800,2.16,500,杭州
面包车,3,五菱宏光,39800,2.09,530,南宁
面包车,4,风光330,27799,1.21,300,宁波
面包车,2,五菱荣光EV,72800,1.34,168,深圳
面包车,5,东风小康EC36,39800,2.43,800,重庆
面包车,0,海狮X30L,43800,1.73,70,苏州
面包车,4,五菱宏光,45000,1.07,400,成都
面包车,7,五菱宏光,39800,3.31,670,宝鸡
面包车,3,五菱宏光,43800,2.48,530,六安
面包车,4,风光330,31800,2.96,500,苏州
面包车,11,五菱荣光,15800,3.4,700,南京
面包车,6,北汽幻速H2,12800,1.58,70,厦门
面包车,6,五菱荣光V,25500,3.72,740,厦门
面包车,12,五菱宏光,12800,3.49,1100,温州
面包车,7,五菱宏光,21500,3.61,981,三明
面包车,0,吉奥帅凌,85800,1.75,250,东莞
面包车,8,风光330,18800,3.82,620,昆明
面包车,13,五菱荣光,9800,1.04,30,宁波
面包车,1,五菱EV50,99800,1.38,1,青岛
面包车,3,欧诺S,32800,1.12,420,郑州
面包车,1,五菱宏光V,41800,1.87,120,合肥
面包车,7,五菱宏光,27799,1.3,400,宁波
面包车,8,五菱宏光,25500,3.28,700,三明
面包车,1,海狮X30L,36000,1.3,210,广州
面包车,12,五菱之光,6500,3.54,900,济南
面包车,6,五菱宏光,28000,3.38,869,南宁
面包车,4,五菱宏光,26800,2.38,580,武汉
面包车,6,五菱宏光,23800,1.84,480,上海
面包车,9,北汽威旺205,6700,3.19,1000,东莞
面包车,7,北汽威旺M30,12700,4.47,1800,东莞
面包车,8,五菱宏光,16800,3.22,690,南宁
面包车,11,五菱荣光,9800,3.56,890,广州
面包车,9,欧诺S,14000,3.51,720,上海
面包车,8,五菱宏光,15000,3.64,620,上海
面包车,6,五菱荣光V,23800,3.71,580,上海
面包车,8,五菱宏光,21800,3.61,680,上海
面包车,11,五菱荣光,11800,3.69,680,上海
面包车,12,五菱之光,8800,3.24,850,上海
面包车,7,五菱荣光V,18800,3.04,720,上海
面包车,10,五菱荣光,14500,3.5,720,上海
面包车,8,欧诺S,13799,4.19,1600,苏州
面包车,12,五菱宏光,13799,3.35,762,上海
面包车,10,五菱荣光,18800,3.25,586,上海
面包车,9,五菱宏光,18800,3.22,700,合肥
面包车,4,五菱荣光V,27500,1.9,420,上海
面包车,8,五菱宏光,23600,3.67,800,南宁
面包车,3,五菱宏光,35100,2.78,700,厦门
面包车,1,五菱EV50,99800,1.47,3,无锡
面包车,13,长安之星,7800,4.44,1500,昆明
面包车,6,北汽威旺306,13799,1.79,380,上海
面包车,10,五菱荣光,11800,3.95,865,上海
面包车,8,五菱宏光,23000,3.96,590,昆明
面包车,11,丰顺,5800,3.58,1100,广州
面包车,7,五菱之光,19800,1.94,100,上海
面包车,3,海狮X30L,36800,1,200,上海
面包车,3,五菱宏光,43800,1.26,90,上海
面包车,8,五菱宏光,26800,3.13,590,温州
面包车,8,欧诺S,23800,3.43,880,温州
面包车,2,小海狮X30,28800,1.29,200,上海
面包车,6,五菱宏光,37800,1.44,440,温州
面包车,8,五菱宏光,20800,3.85,800,温州
面包车,1,海狮X30L,39800,1.53,130,上海
面包车,9,欧诺S,12800,3.56,699,上海
面包车,4,五菱宏光,29800,2.73,500,温州
面包车,7,乐途,15800,3.37,800,上海
面包车,7,五菱荣光V,18800,3.99,800,上海
面包车,13,五菱荣光,13799,3.65,1100,广州
面包车,10,优优,13000,3.11,600,南宁
面包车,4,五菱宏光,35800,1.02,150,徐州
面包车,11,东风小康V07S,6800,3.22,1000,锦州
面包车,3,五菱荣光V,28800,1.19,380,上海
面包车,8,五菱宏光,15800,3.91,680,上海
面包车,6,五菱荣光V,25800,1.49,480,上海
面包车,7,五菱荣光V,26000,3.53,1400,广州
面包车,8,北汽威旺M20,15800,3.34,620,上海
面包车,2,小海狮X30,25800,1.31,280,上海
面包车,8,欧诺S,16000,3.28,780,上海
面包车,6,五菱宏光,35800,1.24,400,南宁
面包车,6,五菱荣光V,25500,3.69,800,合肥
